<kml xmlns = "http://www.opengis.net/kml/2.2">
   <Document>
       <Style id="SchengenLine">
           <LineStyle>
               <color>ff00ffff</color>
           </LineStyle>
       </Style>
       <Style id="NoSchengenLine">
           <LineStyle>
               <color>ffff0000</color>
           </LineStyle>
       </Style>
       <Placemark>
           <name>ECMKV</name>
           <styleUrl>#NoSchengenLine</styleUrl>
           <LineString>
               <coordinates>
                   20.306944444444444,44.81944444444445,0
                   2.0832941,41.297445,0
               </coordinates>
           </LineString>
       </Placemark>
       <Placemark>
           <name>ECJGM</name>
           <styleUrl>#NoSchengenLine</styleUrl>
           <LineString>
               <coordinates>
                   -2.275,53.35388888888889,0
                   2.0832941,41.297445,0
               </coordinates>
           </LineString>
       </Placemark>
       <Placemark>
           <name>ECLOB</name>
           <styleUrl>#SchengenLine</styleUrl>
           <LineString>
               <coordinates>
                   14.477500000000001,35.8575,0
                   2.0832941,41.297445,0
               </coordinates>
           </LineString>
       </Placemark>
       <Placemark>
           <name>ECLVC</name>
           <styleUrl>#SchengenLine</styleUrl>
           <LineString>
               <coordinates>
                   22.97083333333333,40.51972222222222,0
                   2.0832941,41.297445,0
               </coordinates>
           </LineString>
       </Placemark>
       <Placemark>
           <name>DALEC</name>
           <styleUrl>#SchengenLine</styleUrl>
           <LineString>
               <coordinates>
                   4.484444444444445,50.90138888888889,0
                   2.0832941,41.297445,0
               </coordinates>
           </LineString>
       </Placemark>
       <Placemark>
           <name>N327UP</name>
           <styleUrl>#SchengenLine</styleUrl>
           <LineString>
               <coordinates>
                   7.142777777777778,50.865833333333335,0
                   2.0832941,41.297445,0
               </coordinates>
           </LineString>
       </Placemark>
       <Placemark>
           <name>ECMKN</name>
           <styleUrl>#SchengenLine</styleUrl>
           <LineString>
               <coordinates>
                   25.479166666666664,36.399166666666666,0
                   2.0832941,41.297445,0
               </coordinates>
           </LineString>
       </Placemark>
       <Placemark>
           <name>DALEN</name>
           <styleUrl>#SchengenLine</styleUrl>
           <LineString>
               <coordinates>
                   12.236388888888888,51.42388888888889,0
                   2.0832941,41.297445,0
               </coordinates>
           </LineString>
       </Placemark>
       <Placemark>
           <name>ECMKT</name>
           <styleUrl>#SchengenLine</styleUrl>
           <LineString>
               <coordinates>
                   23.944444444444446,37.93666666666666,0
                   2.0832941,41.297445,0
               </coordinates>
           </LineString>
       </Placemark>
       <Placemark>
           <name>N920FD</name>
           <styleUrl>#SchengenLine</styleUrl>
           <LineString>
               <coordinates>
                   2.5477777777777777,49.00972222222222,0
                   2.0832941,41.297445,0
               </coordinates>
           </LineString>
       </Placemark>
       <Placemark>
           <name>OEIBZ</name>
           <styleUrl>#SchengenLine</styleUrl>
           <LineString>
               <coordinates>
                   5.442777777777778,50.63638888888889,0
                   2.0832941,41.297445,0
               </coordinates>
           </LineString>
       </Placemark>
       <Placemark>
           <name>EIDPG</name>
           <styleUrl>#SchengenLine</styleUrl>
           <LineString>
               <coordinates>
                   2.738888888888889,39.55166666666666,0
                   2.0832941,41.297445,0
               </coordinates>
           </LineString>
       </Placemark>
       <Placemark>
           <name>ECLTG</name>
           <styleUrl>#SchengenLine</styleUrl>
           <LineString>
               <coordinates>
                   2.738888888888889,39.55166666666666,0
                   2.0832941,41.297445,0
               </coordinates>
           </LineString>
       </Placemark>
       <Placemark>
           <name>N761AJ</name>
           <styleUrl>#NoSchengenLine</styleUrl>
           <LineString>
               <coordinates>
                   -73.77833333333334,40.640277777777776,0
                   2.0832941,41.297445,0
               </coordinates>
           </LineString>
       </Placemark>
       <Placemark>
           <name>EIFJP</name>
           <styleUrl>#SchengenLine</styleUrl>
           <LineString>
               <coordinates>
                   2.738888888888889,39.55166666666666,0
                   2.0832941,41.297445,0
               </coordinates>
           </LineString>
       </Placemark>
       <Placemark>
           <name>ECKRH</name>
           <styleUrl>#NoSchengenLine</styleUrl>
           <LineString>
               <coordinates>
                   26.084999999999997,44.571111111111115,0
                   2.0832941,41.297445,0
               </coordinates>
           </LineString>
       </Placemark>
       <Placemark>
           <name>ECLVV</name>
           <styleUrl>#SchengenLine</styleUrl>
           <LineString>
               <coordinates>
                   2.738888888888889,39.55166666666666,0
                   2.0832941,41.297445,0
               </coordinates>
           </LineString>
       </Placemark>
       <Placemark>
           <name>ECLYB</name>
           <styleUrl>#SchengenLine</styleUrl>
           <LineString>
               <coordinates>
                   4.2186111111111115,39.862500000000004,0
                   2.0832941,41.297445,0
               </coordinates>
           </LineString>
       </Placemark>
       <Placemark>
           <name>ECLXV</name>
           <styleUrl>#SchengenLine</styleUrl>
           <LineString>
               <coordinates>
                   2.738888888888889,39.55166666666666,0
                   2.0832941,41.297445,0
               </coordinates>
           </LineString>
       </Placemark>
       <Placemark>
           <name>PHXRD</name>
           <styleUrl>#SchengenLine</styleUrl>
           <LineString>
               <coordinates>
                   4.764166666666667,52.308055555555555,0
                   2.0832941,41.297445,0
               </coordinates>
           </LineString>
       </Placemark>
       <Placemark>
           <name>GRAJG</name>
           <styleUrl>#SchengenLine</styleUrl>
           <LineString>
               <coordinates>
                   2.8622222222222224,51.19888888888889,0
                   2.0832941,41.297445,0
               </coordinates>
           </LineString>
       </Placemark>
       <Placemark>
           <name>GEZWE</name>
           <styleUrl>#SchengenLine</styleUrl>
           <LineString>
               <coordinates>
                   8.723055555555556,45.63,0
                   2.0832941,41.297445,0
               </coordinates>
           </LineString>
       </Placemark>
       <Placemark>
           <name>EIFOG</name>
           <styleUrl>#SchengenLine</styleUrl>
           <LineString>
               <coordinates>
                   -5.898888888888888,37.418055555555554,0
                   2.0832941,41.297445,0
               </coordinates>
           </LineString>
       </Placemark>
       <Placemark>
           <name>DAIQE</name>
           <styleUrl>#SchengenLine</styleUrl>
           <LineString>
               <coordinates>
                   9.221944444444444,48.69,0
                   2.0832941,41.297445,0
               </coordinates>
           </LineString>
       </Placemark>
       <Placemark>
           <name>OOJEM</name>
           <styleUrl>#SchengenLine</styleUrl>
           <LineString>
               <coordinates>
                   4.460277777777778,51.18944444444444,0
                   2.0832941,41.297445,0
               </coordinates>
           </LineString>
       </Placemark>
       <Placemark>
           <name>ECLZZ</name>
           <styleUrl>#NoSchengenLine</styleUrl>
           <LineString>
               <coordinates>
                   39.169999999999995,45.03472222222222,0
                   2.0832941,41.297445,0
               </coordinates>
           </LineString>
       </Placemark>
       <Placemark>
           <name>HALXH</name>
           <styleUrl>#SchengenLine</styleUrl>
           <LineString>
               <coordinates>
                   19.261944444444445,47.43944444444444,0
                   2.0832941,41.297445,0
               </coordinates>
           </LineString>
       </Placemark>
       <Placemark>
           <name>GEZAT</name>
           <styleUrl>#SchengenLine</styleUrl>
           <LineString>
               <coordinates>
                   5.0811111111111105,45.72555555555556,0
                   2.0832941,41.297445,0
               </coordinates>
           </LineString>
       </Placemark>
       <Placemark>
           <name>ECMBS</name>
           <styleUrl>#SchengenLine</styleUrl>
           <LineString>
               <coordinates>
                   -5.898888888888888,37.418055555555554,0
                   2.0832941,41.297445,0
               </coordinates>
           </LineString>
       </Placemark>
       <Placemark>
           <name>ECJYX</name>
           <styleUrl>#SchengenLine</styleUrl>
           <LineString>
               <coordinates>
                   -8.377222222222223,43.301944444444445,0
                   2.0832941,41.297445,0
               </coordinates>
           </LineString>
       </Placemark>
       <Placemark>
           <name>DAEBP</name>
           <styleUrl>#SchengenLine</styleUrl>
           <LineString>
               <coordinates>
                   11.786111111111111,48.35388888888889,0
                   2.0832941,41.297445,0
               </coordinates>
           </LineString>
       </Placemark>
       <Placemark>
           <name>OOSSW</name>
           <styleUrl>#SchengenLine</styleUrl>
           <LineString>
               <coordinates>
                   4.484444444444445,50.90138888888889,0
                   2.0832941,41.297445,0
               </coordinates>
           </LineString>
       </Placemark>
       <Placemark>
           <name>VQBTN</name>
           <styleUrl>#NoSchengenLine</styleUrl>
           <LineString>
               <coordinates>
                   37.41305555555555,55.972500000000004,0
                   2.0832941,41.297445,0
               </coordinates>
           </LineString>
       </Placemark>
       <Placemark>
           <name>OHLZD</name>
           <styleUrl>#SchengenLine</styleUrl>
           <LineString>
               <coordinates>
                   24.96333333333333,60.31722222222223,0
                   2.0832941,41.297445,0
               </coordinates>
           </LineString>
       </Placemark>
       <Placemark>
           <name>DABZA</name>
           <styleUrl>#SchengenLine</styleUrl>
           <LineString>
               <coordinates>
                   6.7572222222222225,51.280833333333334,0
                   2.0832941,41.297445,0
               </coordinates>
           </LineString>
       </Placemark>
       <Placemark>
           <name>N823NW</name>
           <styleUrl>#NoSchengenLine</styleUrl>
           <LineString>
               <coordinates>
                   -84.43333333333334,33.63333333333333,0
                   2.0832941,41.297445,0
               </coordinates>
           </LineString>
       </Placemark>
       <Placemark>
           <name>ECMAH</name>
           <styleUrl>#SchengenLine</styleUrl>
           <LineString>
               <coordinates>
                   12.238888888888889,41.80027777777777,0
                   2.0832941,41.297445,0
               </coordinates>
           </LineString>
       </Placemark>
       <Placemark>
           <name>EIENM</name>
           <styleUrl>#SchengenLine</styleUrl>
           <LineString>
               <coordinates>
                   13.500555555555556,52.36222222222222,0
                   2.0832941,41.297445,0
               </coordinates>
           </LineString>
       </Placemark>
       <Placemark>
           <name>ECMBT</name>
           <styleUrl>#SchengenLine</styleUrl>
           <LineString>
               <coordinates>
                   -6.034722222222222,43.56361111111111,0
                   2.0832941,41.297445,0
               </coordinates>
           </LineString>
       </Placemark>
       <Placemark>
           <name>ECJQZ</name>
           <styleUrl>#SchengenLine</styleUrl>
           <LineString>
               <coordinates>
                   -3.560833333333333,40.47222222222222,0
                   2.0832941,41.297445,0
               </coordinates>
           </LineString>
       </Placemark>
       <Placemark>
           <name>HBIOK</name>
           <styleUrl>#SchengenLine</styleUrl>
           <LineString>
               <coordinates>
                   8.548055555555555,47.45805555555556,0
                   2.0832941,41.297445,0
               </coordinates>
           </LineString>
       </Placemark>
       <Placemark>
           <name>ECMEA</name>
           <styleUrl>#NoSchengenLine</styleUrl>
           <LineString>
               <coordinates>
                   30.2625,59.80027777777777,0
                   2.0832941,41.297445,0
               </coordinates>
           </LineString>
       </Placemark>
       <Placemark>
           <name>ECLZN</name>
           <styleUrl>#SchengenLine</styleUrl>
           <LineString>
               <coordinates>
                   25.34722222222222,37.43722222222222,0
                   2.0832941,41.297445,0
               </coordinates>
           </LineString>
       </Placemark>
       <Placemark>
           <name>ECMLM</name>
           <styleUrl>#SchengenLine</styleUrl>
           <LineString>
               <coordinates>
                   2.3794444444444447,48.723333333333336,0
                   2.0832941,41.297445,0
               </coordinates>
           </LineString>
       </Placemark>
       <Placemark>
           <name>DAGWT</name>
           <styleUrl>#SchengenLine</styleUrl>
           <LineString>
               <coordinates>
                   9.68361111111111,52.46027777777778,0
                   2.0832941,41.297445,0
               </coordinates>
           </LineString>
       </Placemark>
       <Placemark>
           <name>ECJQQ</name>
           <styleUrl>#SchengenLine</styleUrl>
           <LineString>
               <coordinates>
                   -3.560833333333333,40.47222222222222,0
                   2.0832941,41.297445,0
               </coordinates>
           </LineString>
       </Placemark>
       <Placemark>
           <name>PHHSK</name>
           <styleUrl>#SchengenLine</styleUrl>
           <LineString>
               <coordinates>
                   5.374444444444444,51.45,0
                   2.0832941,41.297445,0
               </coordinates>
           </LineString>
       </Placemark>
       <Placemark>
           <name>ECMGE</name>
           <styleUrl>#NoSchengenLine</styleUrl>
           <LineString>
               <coordinates>
                   37.906388888888884,55.40861111111111,0
                   2.0832941,41.297445,0
               </coordinates>
           </LineString>
       </Placemark>
       <Placemark>
           <name>DAIPZ</name>
           <styleUrl>#SchengenLine</styleUrl>
           <LineString>
               <coordinates>
                   6.7572222222222225,51.280833333333334,0
                   2.0832941,41.297445,0
               </coordinates>
           </LineString>
       </Placemark>
       <Placemark>
           <name>GEUUC</name>
           <styleUrl>#NoSchengenLine</styleUrl>
           <LineString>
               <coordinates>
                   -0.4613888888888889,51.4775,0
                   2.0832941,41.297445,0
               </coordinates>
           </LineString>
       </Placemark>
       <Placemark>
           <name>ECMEQ</name>
           <styleUrl>#NoSchengenLine</styleUrl>
           <LineString>
               <coordinates>
                   35.49,33.81916666666667,0
                   2.0832941,41.297445,0
               </coordinates>
           </LineString>
       </Placemark>
       <Placemark>
           <name>EIEKL</name>
           <styleUrl>#SchengenLine</styleUrl>
           <LineString>
               <coordinates>
                   -8.678055555555554,41.23555555555556,0
                   2.0832941,41.297445,0
               </coordinates>
           </LineString>
       </Placemark>
       <Placemark>
           <name>ECLUL</name>
           <styleUrl>#SchengenLine</styleUrl>
           <LineString>
               <coordinates>
                   -3.560833333333333,40.47222222222222,0
                   2.0832941,41.297445,0
               </coordinates>
           </LineString>
       </Placemark>
       <Placemark>
           <name>OELBR</name>
           <styleUrl>#SchengenLine</styleUrl>
           <LineString>
               <coordinates>
                   16.56972222222222,48.11027777777778,0
                   2.0832941,41.297445,0
               </coordinates>
           </LineString>
       </Placemark>
       <Placemark>
           <name>N76054</name>
           <styleUrl>#NoSchengenLine</styleUrl>
           <LineString>
               <coordinates>
                   -74.16833333333334,40.696666666666665,0
                   2.0832941,41.297445,0
               </coordinates>
           </LineString>
       </Placemark>
       <Placemark>
           <name>EIFIY</name>
           <styleUrl>#SchengenLine</styleUrl>
           <LineString>
               <coordinates>
                   1.3730555555555557,38.87277777777778,0
                   2.0832941,41.297445,0
               </coordinates>
           </LineString>
       </Placemark>
       <Placemark>
           <name>ECMFM</name>
           <styleUrl>#SchengenLine</styleUrl>
           <LineString>
               <coordinates>
                   -5.898888888888888,37.418055555555554,0
                   2.0832941,41.297445,0
               </coordinates>
           </LineString>
       </Placemark>
       <Placemark>
           <name>9VSWD</name>
           <styleUrl>#NoSchengenLine</styleUrl>
           <LineString>
               <coordinates>
                   -46.47,-23.433333333333334,0
                   2.0832941,41.297445,0
               </coordinates>
           </LineString>
       </Placemark>
       <Placemark>
           <name>FGTAZ</name>
           <styleUrl>#SchengenLine</styleUrl>
           <LineString>
               <coordinates>
                   2.5477777777777777,49.00972222222222,0
                   2.0832941,41.297445,0
               </coordinates>
           </LineString>
       </Placemark>
       <Placemark>
           <name>OYKBP</name>
           <styleUrl>#SchengenLine</styleUrl>
           <LineString>
               <coordinates>
                   12.65611111111111,55.61805555555556,0
                   2.0832941,41.297445,0
               </coordinates>
           </LineString>
       </Placemark>
       <Placemark>
           <name>ECMHA</name>
           <styleUrl>#SchengenLine</styleUrl>
           <LineString>
               <coordinates>
                   2.738888888888889,39.55166666666666,0
                   2.0832941,41.297445,0
               </coordinates>
           </LineString>
       </Placemark>
       <Placemark>
           <name>DAGWI</name>
           <styleUrl>#SchengenLine</styleUrl>
           <LineString>
               <coordinates>
                   7.142777777777778,50.865833333333335,0
                   2.0832941,41.297445,0
               </coordinates>
           </LineString>
       </Placemark>
       <Placemark>
           <name>ECLLJ</name>
           <styleUrl>#SchengenLine</styleUrl>
           <LineString>
               <coordinates>
                   1.3730555555555557,38.87277777777778,0
                   2.0832941,41.297445,0
               </coordinates>
           </LineString>
       </Placemark>
       <Placemark>
           <name>ECMKV</name>
           <styleUrl>#SchengenLine</styleUrl>
           <LineString>
               <coordinates>
                   -1.7905555555555555,43.35638888888889,0
                   2.0832941,41.297445,0
               </coordinates>
           </LineString>
       </Placemark>
       <Placemark>
           <name>DAIDL</name>
           <styleUrl>#SchengenLine</styleUrl>
           <LineString>
               <coordinates>
                   8.570555555555556,50.03333333333333,0
                   2.0832941,41.297445,0
               </coordinates>
           </LineString>
       </Placemark>
       <Placemark>
           <name>ECJTR</name>
           <styleUrl>#SchengenLine</styleUrl>
           <LineString>
               <coordinates>
                   4.764166666666667,52.308055555555555,0
                   2.0832941,41.297445,0
               </coordinates>
           </LineString>
       </Placemark>
       <Placemark>
           <name>EIFRF</name>
           <styleUrl>#NoSchengenLine</styleUrl>
           <LineString>
               <coordinates>
                   -6.27,53.421388888888885,0
                   2.0832941,41.297445,0
               </coordinates>
           </LineString>
       </Placemark>
       <Placemark>
           <name>GZBAI</name>
           <styleUrl>#NoSchengenLine</styleUrl>
           <LineString>
               <coordinates>
                   -0.19027777777777777,51.14805555555556,0
                   2.0832941,41.297445,0
               </coordinates>
           </LineString>
       </Placemark>
       <Placemark>
           <name>TCJNZ</name>
           <styleUrl>#NoSchengenLine</styleUrl>
           <LineString>
               <coordinates>
                   28.81416666666667,40.976111111111116,0
                   2.0832941,41.297445,0
               </coordinates>
           </LineString>
       </Placemark>
       <Placemark>
           <name>GEZDU</name>
           <styleUrl>#SchengenLine</styleUrl>
           <LineString>
               <coordinates>
                   13.500555555555556,52.36222222222222,0
                   2.0832941,41.297445,0
               </coordinates>
           </LineString>
       </Placemark>
       <Placemark>
           <name>B5913</name>
           <styleUrl>#SchengenLine</styleUrl>
           <LineString>
               <coordinates>
                   16.56972222222222,48.11027777777778,0
                   2.0832941,41.297445,0
               </coordinates>
           </LineString>
       </Placemark>
       <Placemark>
           <name>OELED</name>
           <styleUrl>#SchengenLine</styleUrl>
           <LineString>
               <coordinates>
                   16.56972222222222,48.11027777777778,0
                   2.0832941,41.297445,0
               </coordinates>
           </LineString>
       </Placemark>
       <Placemark>
           <name>GZBAH</name>
           <styleUrl>#NoSchengenLine</styleUrl>
           <LineString>
               <coordinates>
                   -1.7480555555555557,52.45388888888889,0
                   2.0832941,41.297445,0
               </coordinates>
           </LineString>
       </Placemark>
       <Placemark>
           <name>ECMHS</name>
           <styleUrl>#SchengenLine</styleUrl>
           <LineString>
               <coordinates>
                   -9.134166666666665,38.774166666666666,0
                   2.0832941,41.297445,0
               </coordinates>
           </LineString>
       </Placemark>
       <Placemark>
           <name>ECLML</name>
           <styleUrl>#SchengenLine</styleUrl>
           <LineString>
               <coordinates>
                   1.3730555555555557,38.87277777777778,0
                   2.0832941,41.297445,0
               </coordinates>
           </LineString>
       </Placemark>
       <Placemark>
           <name>EIDAM</name>
           <styleUrl>#SchengenLine</styleUrl>
           <LineString>
               <coordinates>
                   9.700277777777776,45.66888888888889,0
                   2.0832941,41.297445,0
               </coordinates>
           </LineString>
       </Placemark>
       <Placemark>
           <name>GEZTG</name>
           <styleUrl>#NoSchengenLine</styleUrl>
           <LineString>
               <coordinates>
                   -2.7191666666666667,51.382777777777775,0
                   2.0832941,41.297445,0
               </coordinates>
           </LineString>
       </Placemark>
       <Placemark>
           <name>CSTTO</name>
           <styleUrl>#SchengenLine</styleUrl>
           <LineString>
               <coordinates>
                   -9.134166666666665,38.774166666666666,0
                   2.0832941,41.297445,0
               </coordinates>
           </LineString>
       </Placemark>
       <Placemark>
           <name>GEZUM</name>
           <styleUrl>#SchengenLine</styleUrl>
           <LineString>
               <coordinates>
                   6.109444444444444,46.23833333333334,0
                   2.0832941,41.297445,0
               </coordinates>
           </LineString>
       </Placemark>
       <Placemark>
           <name>EIDEJ</name>
           <styleUrl>#NoSchengenLine</styleUrl>
           <LineString>
               <coordinates>
                   -6.27,53.421388888888885,0
                   2.0832941,41.297445,0
               </coordinates>
           </LineString>
       </Placemark>
       <Placemark>
           <name>ECMLE</name>
           <styleUrl>#SchengenLine</styleUrl>
           <LineString>
               <coordinates>
                   -1.607777777777778,47.15694444444444,0
                   2.0832941,41.297445,0
               </coordinates>
           </LineString>
       </Placemark>
       <Placemark>
           <name>CGHLQ</name>
           <styleUrl>#NoSchengenLine</styleUrl>
           <LineString>
               <coordinates>
                   -73.74138888888889,45.46805555555556,0
                   2.0832941,41.297445,0
               </coordinates>
           </LineString>
       </Placemark>
       <Placemark>
           <name>ECLZF</name>
           <styleUrl>#SchengenLine</styleUrl>
           <LineString>
               <coordinates>
                   4.2186111111111115,39.862500000000004,0
                   2.0832941,41.297445,0
               </coordinates>
           </LineString>
       </Placemark>
       <Placemark>
           <name>CSDXZ</name>
           <styleUrl>#SchengenLine</styleUrl>
           <LineString>
               <coordinates>
                   7.634444444444444,48.54194444444444,0
                   2.0832941,41.297445,0
               </coordinates>
           </LineString>
       </Placemark>
       <Placemark>
           <name>GEZPC</name>
           <styleUrl>#NoSchengenLine</styleUrl>
           <LineString>
               <coordinates>
                   -2.8497222222222223,53.33361111111111,0
                   2.0832941,41.297445,0
               </coordinates>
           </LineString>
       </Placemark>
       <Placemark>
           <name>PHBXF</name>
           <styleUrl>#SchengenLine</styleUrl>
           <LineString>
               <coordinates>
                   4.764166666666667,52.308055555555555,0
                   2.0832941,41.297445,0
               </coordinates>
           </LineString>
       </Placemark>
       <Placemark>
           <name>EIEBK</name>
           <styleUrl>#NoSchengenLine</styleUrl>
           <LineString>
               <coordinates>
                   -2.275,53.35388888888889,0
                   2.0832941,41.297445,0
               </coordinates>
           </LineString>
       </Placemark>
       <Placemark>
           <name>ECLVC</name>
           <styleUrl>#SchengenLine</styleUrl>
           <LineString>
               <coordinates>
                   -3.777222222222222,37.18861111111111,0
                   2.0832941,41.297445,0
               </coordinates>
           </LineString>
       </Placemark>
       <Placemark>
           <name>EIDPM</name>
           <styleUrl>#NoSchengenLine</styleUrl>
           <LineString>
               <coordinates>
                   -3.3725,55.95,0
                   2.0832941,41.297445,0
               </coordinates>
           </LineString>
       </Placemark>
       <Placemark>
           <name>ECMBK</name>
           <styleUrl>#NoSchengenLine</styleUrl>
           <LineString>
               <coordinates>
                   49.280277777777776,55.606944444444444,0
                   2.0832941,41.297445,0
               </coordinates>
           </LineString>
       </Placemark>
       <Placemark>
           <name>ECLUN</name>
           <styleUrl>#NoSchengenLine</styleUrl>
           <LineString>
               <coordinates>
                   3.2144444444444447,36.693888888888885,0
                   2.0832941,41.297445,0
               </coordinates>
           </LineString>
       </Placemark>
       <Placemark>
           <name>GEZBD</name>
           <styleUrl>#NoSchengenLine</styleUrl>
           <LineString>
               <coordinates>
                   -6.215833333333333,54.6575,0
                   2.0832941,41.297445,0
               </coordinates>
           </LineString>
       </Placemark>
       <Placemark>
           <name>ECLRY</name>
           <styleUrl>#SchengenLine</styleUrl>
           <LineString>
               <coordinates>
                   -3.560833333333333,40.47222222222222,0
                   2.0832941,41.297445,0
               </coordinates>
           </LineString>
       </Placemark>
       <Placemark>
           <name>EIEFW</name>
           <styleUrl>#SchengenLine</styleUrl>
           <LineString>
               <coordinates>
                   -8.415277777777778,42.896388888888886,0
                   2.0832941,41.297445,0
               </coordinates>
           </LineString>
       </Placemark>
       <Placemark>
           <name>EIDHP</name>
           <styleUrl>#NoSchengenLine</styleUrl>
           <LineString>
               <coordinates>
                   -1.7480555555555557,52.45388888888889,0
                   2.0832941,41.297445,0
               </coordinates>
           </LineString>
       </Placemark>
       <Placemark>
           <name>ECLOB</name>
           <styleUrl>#SchengenLine</styleUrl>
           <LineString>
               <coordinates>
                   7.215,43.665277777777774,0
                   2.0832941,41.297445,0
               </coordinates>
           </LineString>
       </Placemark>
       <Placemark>
           <name>EIDWK</name>
           <styleUrl>#SchengenLine</styleUrl>
           <LineString>
               <coordinates>
                   4.484444444444445,50.90138888888889,0
                   2.0832941,41.297445,0
               </coordinates>
           </LineString>
       </Placemark>
       <Placemark>
           <name>YRBGI</name>
           <styleUrl>#NoSchengenLine</styleUrl>
           <LineString>
               <coordinates>
                   26.084999999999997,44.571111111111115,0
                   2.0832941,41.297445,0
               </coordinates>
           </LineString>
       </Placemark>
       <Placemark>
           <name>EIENO</name>
           <styleUrl>#SchengenLine</styleUrl>
           <LineString>
               <coordinates>
                   2.112777777777778,49.45444444444445,0
                   2.0832941,41.297445,0
               </coordinates>
           </LineString>
       </Placemark>
       <Placemark>
           <name>YRBAP</name>
           <styleUrl>#NoSchengenLine</styleUrl>
           <LineString>
               <coordinates>
                   26.084999999999997,44.571111111111115,0
                   2.0832941,41.297445,0
               </coordinates>
           </LineString>
       </Placemark>
       <Placemark>
           <name>ECLUT</name>
           <styleUrl>#NoSchengenLine</styleUrl>
           <LineString>
               <coordinates>
                   34.885555555555555,32.00944444444445,0
                   2.0832941,41.297445,0
               </coordinates>
           </LineString>
       </Placemark>
       <Placemark>
           <name>GEUUO</name>
           <styleUrl>#NoSchengenLine</styleUrl>
           <LineString>
               <coordinates>
                   -0.4613888888888889,51.4775,0
                   2.0832941,41.297445,0
               </coordinates>
           </LineString>
       </Placemark>
       <Placemark>
           <name>N790AN</name>
           <styleUrl>#NoSchengenLine</styleUrl>
           <LineString>
               <coordinates>
                   -80.28333333333333,25.8,0
                   2.0832941,41.297445,0
               </coordinates>
           </LineString>
       </Placemark>
       <Placemark>
           <name>GEZWN</name>
           <styleUrl>#NoSchengenLine</styleUrl>
           <LineString>
               <coordinates>
                   -0.19027777777777777,51.14805555555556,0
                   2.0832941,41.297445,0
               </coordinates>
           </LineString>
       </Placemark>
       <Placemark>
           <name>SXDGQ</name>
           <styleUrl>#SchengenLine</styleUrl>
           <LineString>
               <coordinates>
                   23.944444444444446,37.93666666666666,0
                   2.0832941,41.297445,0
               </coordinates>
           </LineString>
       </Placemark>
       <Placemark>
           <name>ECMMU</name>
           <styleUrl>#NoSchengenLine</styleUrl>
           <LineString>
               <coordinates>
                   -15.386666666666667,27.931944444444447,0
                   2.0832941,41.297445,0
               </coordinates>
           </LineString>
       </Placemark>
       <Placemark>
           <name>LNRNO</name>
           <styleUrl>#SchengenLine</styleUrl>
           <LineString>
               <coordinates>
                   11.08388888888889,60.20277777777778,0
                   2.0832941,41.297445,0
               </coordinates>
           </LineString>
       </Placemark>
       <Placemark>
           <name>ECHUH</name>
           <styleUrl>#SchengenLine</styleUrl>
           <LineString>
               <coordinates>
                   -3.560833333333333,40.47222222222222,0
                   2.0832941,41.297445,0
               </coordinates>
           </LineString>
       </Placemark>
       <Placemark>
           <name>IBIXR</name>
           <styleUrl>#SchengenLine</styleUrl>
           <LineString>
               <coordinates>
                   12.238888888888889,41.80027777777777,0
                   2.0832941,41.297445,0
               </coordinates>
           </LineString>
       </Placemark>
       <Placemark>
           <name>ECKMI</name>
           <styleUrl>#SchengenLine</styleUrl>
           <LineString>
               <coordinates>
                   -5.898888888888888,37.418055555555554,0
                   2.0832941,41.297445,0
               </coordinates>
           </LineString>
       </Placemark>
       <Placemark>
           <name>GOZBE</name>
           <styleUrl>#NoSchengenLine</styleUrl>
           <LineString>
               <coordinates>
                   -2.275,53.35388888888889,0
                   2.0832941,41.297445,0
               </coordinates>
           </LineString>
       </Placemark>
       <Placemark>
           <name>SPLND</name>
           <styleUrl>#SchengenLine</styleUrl>
           <LineString>
               <coordinates>
                   20.96722222222222,52.16583333333333,0
                   2.0832941,41.297445,0
               </coordinates>
           </LineString>
       </Placemark>
       <Placemark>
           <name>EIDAE</name>
           <styleUrl>#SchengenLine</styleUrl>
           <LineString>
               <coordinates>
                   12.238888888888889,41.80027777777777,0
                   2.0832941,41.297445,0
               </coordinates>
           </LineString>
       </Placemark>
       <Placemark>
           <name>N290AY</name>
           <styleUrl>#NoSchengenLine</styleUrl>
           <LineString>
               <coordinates>
                   -75.245,39.87,0
                   2.0832941,41.297445,0
               </coordinates>
           </LineString>
       </Placemark>
       <Placemark>
           <name>VQBHK</name>
           <styleUrl>#NoSchengenLine</styleUrl>
           <LineString>
               <coordinates>
                   37.41305555555555,55.972500000000004,0
                   2.0832941,41.297445,0
               </coordinates>
           </LineString>
       </Placemark>
       <Placemark>
           <name>ECKLT</name>
           <styleUrl>#SchengenLine</styleUrl>
           <LineString>
               <coordinates>
                   -3.560833333333333,40.47222222222222,0
                   2.0832941,41.297445,0
               </coordinates>
           </LineString>
       </Placemark>
       <Placemark>
           <name>ECMMH</name>
           <styleUrl>#NoSchengenLine</styleUrl>
           <LineString>
               <coordinates>
                   -16.341666666666665,28.482777777777777,0
                   2.0832941,41.297445,0
               </coordinates>
           </LineString>
       </Placemark>
       <Placemark>
           <name>ECMHB</name>
           <styleUrl>#SchengenLine</styleUrl>
           <LineString>
               <coordinates>
                   2.3794444444444447,48.723333333333336,0
                   2.0832941,41.297445,0
               </coordinates>
           </LineString>
       </Placemark>
       <Placemark>
           <name>ECLXV</name>
           <styleUrl>#SchengenLine</styleUrl>
           <LineString>
               <coordinates>
                   2.738888888888889,39.55166666666666,0
                   2.0832941,41.297445,0
               </coordinates>
           </LineString>
       </Placemark>
       <Placemark>
           <name>VPBWG</name>
           <styleUrl>#NoSchengenLine</styleUrl>
           <LineString>
               <coordinates>
                   30.2625,59.80027777777777,0
                   2.0832941,41.297445,0
               </coordinates>
           </LineString>
       </Placemark>
       <Placemark>
           <name>ECMBY</name>
           <styleUrl>#NoSchengenLine</styleUrl>
           <LineString>
               <coordinates>
                   16.06888888888889,45.74305555555556,0
                   2.0832941,41.297445,0
               </coordinates>
           </LineString>
       </Placemark>
       <Placemark>
           <name>DAIDF</name>
           <styleUrl>#SchengenLine</styleUrl>
           <LineString>
               <coordinates>
                   11.786111111111111,48.35388888888889,0
                   2.0832941,41.297445,0
               </coordinates>
           </LineString>
       </Placemark>
       <Placemark>
           <name>EIDCJ</name>
           <styleUrl>#NoSchengenLine</styleUrl>
           <LineString>
               <coordinates>
                   0.23500000000000001,51.885,0
                   2.0832941,41.297445,0
               </coordinates>
           </LineString>
       </Placemark>
       <Placemark>
           <name>ECMKN</name>
           <styleUrl>#SchengenLine</styleUrl>
           <LineString>
               <coordinates>
                   6.109444444444444,46.23833333333334,0
                   2.0832941,41.297445,0
               </coordinates>
           </LineString>
       </Placemark>
       <Placemark>
           <name>ECJTQ</name>
           <styleUrl>#SchengenLine</styleUrl>
           <LineString>
               <coordinates>
                   -8.627500000000001,42.22916666666667,0
                   2.0832941,41.297445,0
               </coordinates>
           </LineString>
       </Placemark>
       <Placemark>
           <name>LNNGP</name>
           <styleUrl>#SchengenLine</styleUrl>
           <LineString>
               <coordinates>
                   11.08388888888889,60.20277777777778,0
                   2.0832941,41.297445,0
               </coordinates>
           </LineString>
       </Placemark>
       <Placemark>
           <name>ECMIQ</name>
           <styleUrl>#SchengenLine</styleUrl>
           <LineString>
               <coordinates>
                   11.202777777777778,43.808611111111105,0
                   2.0832941,41.297445,0
               </coordinates>
           </LineString>
       </Placemark>
       <Placemark>
           <name>GEZBI</name>
           <styleUrl>#NoSchengenLine</styleUrl>
           <LineString>
               <coordinates>
                   -0.3683333333333333,51.874722222222225,0
                   2.0832941,41.297445,0
               </coordinates>
           </LineString>
       </Placemark>
       <Placemark>
           <name>ECMGZ</name>
           <styleUrl>#SchengenLine</styleUrl>
           <LineString>
               <coordinates>
                   12.351944444444444,45.50527777777778,0
                   2.0832941,41.297445,0
               </coordinates>
           </LineString>
       </Placemark>
       <Placemark>
           <name>ECLQM</name>
           <styleUrl>#SchengenLine</styleUrl>
           <LineString>
               <coordinates>
                   4.484444444444445,50.90138888888889,0
                   2.0832941,41.297445,0
               </coordinates>
           </LineString>
       </Placemark>
       <Placemark>
           <name>GCELG</name>
           <styleUrl>#NoSchengenLine</styleUrl>
           <LineString>
               <coordinates>
                   -2.275,53.35388888888889,0
                   2.0832941,41.297445,0
               </coordinates>
           </LineString>
       </Placemark>
       <Placemark>
           <name>GEZTA</name>
           <styleUrl>#SchengenLine</styleUrl>
           <LineString>
               <coordinates>
                   7.529166666666667,47.59,0
                   2.0832941,41.297445,0
               </coordinates>
           </LineString>
       </Placemark>
       <Placemark>
           <name>DAISG</name>
           <styleUrl>#SchengenLine</styleUrl>
           <LineString>
               <coordinates>
                   8.570555555555556,50.03333333333333,0
                   2.0832941,41.297445,0
               </coordinates>
           </LineString>
       </Placemark>
       <Placemark>
           <name>N900JG</name>
           <styleUrl>#NoSchengenLine</styleUrl>
           <LineString>
               <coordinates>
                   34.885555555555555,32.00944444444445,0
                   2.0832941,41.297445,0
               </coordinates>
           </LineString>
       </Placemark>
       <Placemark>
           <name>LNDYW</name>
           <styleUrl>#SchengenLine</styleUrl>
           <LineString>
               <coordinates>
                   12.65611111111111,55.61805555555556,0
                   2.0832941,41.297445,0
               </coordinates>
           </LineString>
       </Placemark>
       <Placemark>
           <name>GEZAT</name>
           <styleUrl>#SchengenLine</styleUrl>
           <LineString>
               <coordinates>
                   -0.7152777777777777,44.828611111111115,0
                   2.0832941,41.297445,0
               </coordinates>
           </LineString>
       </Placemark>
       <Placemark>
           <name>EIDHX</name>
           <styleUrl>#SchengenLine</styleUrl>
           <LineString>
               <coordinates>
                   11.296944444444444,44.530833333333334,0
                   2.0832941,41.297445,0
               </coordinates>
           </LineString>
       </Placemark>
       <Placemark>
           <name>CFIYE</name>
           <styleUrl>#NoSchengenLine</styleUrl>
           <LineString>
               <coordinates>
                   -79.63055555555555,43.67722222222222,0
                   2.0832941,41.297445,0
               </coordinates>
           </LineString>
       </Placemark>
       <Placemark>
           <name>ECMJC</name>
           <styleUrl>#NoSchengenLine</styleUrl>
           <LineString>
               <coordinates>
                   16.298055555555557,43.538888888888884,0
                   2.0832941,41.297445,0
               </coordinates>
           </LineString>
       </Placemark>
       <Placemark>
           <name>ECKRH</name>
           <styleUrl>#SchengenLine</styleUrl>
           <LineString>
               <coordinates>
                   4.2186111111111115,39.862500000000004,0
                   2.0832941,41.297445,0
               </coordinates>
           </LineString>
       </Placemark>
       <Placemark>
           <name>HBJYI</name>
           <styleUrl>#SchengenLine</styleUrl>
           <LineString>
               <coordinates>
                   6.109444444444444,46.23833333333334,0
                   2.0832941,41.297445,0
               </coordinates>
           </LineString>
       </Placemark>
       <Placemark>
           <name>ECLQK</name>
           <styleUrl>#NoSchengenLine</styleUrl>
           <LineString>
               <coordinates>
                   34.885555555555555,32.00944444444445,0
                   2.0832941,41.297445,0
               </coordinates>
           </LineString>
       </Placemark>
       <Placemark>
           <name>ECMBE</name>
           <styleUrl>#SchengenLine</styleUrl>
           <LineString>
               <coordinates>
                   8.548055555555555,47.45805555555556,0
                   2.0832941,41.297445,0
               </coordinates>
           </LineString>
       </Placemark>
       <Placemark>
           <name>CNRGG</name>
           <styleUrl>#NoSchengenLine</styleUrl>
           <LineString>
               <coordinates>
                   -7.581666666666666,33.36416666666667,0
                   2.0832941,41.297445,0
               </coordinates>
           </LineString>
       </Placemark>
       <Placemark>
           <name>ECMJR</name>
           <styleUrl>#NoSchengenLine</styleUrl>
           <LineString>
               <coordinates>
                   -0.3683333333333333,51.874722222222225,0
                   2.0832941,41.297445,0
               </coordinates>
           </LineString>
       </Placemark>
       <Placemark>
           <name>TSIMV</name>
           <styleUrl>#NoSchengenLine</styleUrl>
           <LineString>
               <coordinates>
                   10.226944444444445,36.85111111111111,0
                   2.0832941,41.297445,0
               </coordinates>
           </LineString>
       </Placemark>
       <Placemark>
           <name>ECLQL</name>
           <styleUrl>#SchengenLine</styleUrl>
           <LineString>
               <coordinates>
                   11.786111111111111,48.35388888888889,0
                   2.0832941,41.297445,0
               </coordinates>
           </LineString>
       </Placemark>
       <Placemark>
           <name>FF333</name>
           <styleUrl>#SchengenLine</styleUrl>
           <LineString>
               <coordinates>
                   2.2905555555555552,43.555,0
                   2.0832941,41.297445,0
               </coordinates>
           </LineString>
       </Placemark>
       <Placemark>
           <name>GGDFK</name>
           <styleUrl>#NoSchengenLine</styleUrl>
           <LineString>
               <coordinates>
                   -1.6608333333333332,53.86611111111111,0
                   2.0832941,41.297445,0
               </coordinates>
           </LineString>
       </Placemark>
       <Placemark>
           <name>ECLRG</name>
           <styleUrl>#SchengenLine</styleUrl>
           <LineString>
               <coordinates>
                   12.236388888888888,51.42388888888889,0
                   2.0832941,41.297445,0
               </coordinates>
           </LineString>
       </Placemark>
       <Placemark>
           <name>ECMBT</name>
           <styleUrl>#SchengenLine</styleUrl>
           <LineString>
               <coordinates>
                   2.738888888888889,39.55166666666666,0
                   2.0832941,41.297445,0
               </coordinates>
           </LineString>
       </Placemark>
       <Placemark>
           <name>N803NW</name>
           <styleUrl>#NoSchengenLine</styleUrl>
           <LineString>
               <coordinates>
                   -73.77833333333334,40.640277777777776,0
                   2.0832941,41.297445,0
               </coordinates>
           </LineString>
       </Placemark>
       <Placemark>
           <name>GEUYC</name>
           <styleUrl>#NoSchengenLine</styleUrl>
           <LineString>
               <coordinates>
                   -0.4613888888888889,51.4775,0
                   2.0832941,41.297445,0
               </coordinates>
           </LineString>
       </Placemark>
       <Placemark>
           <name>N283AY</name>
           <styleUrl>#NoSchengenLine</styleUrl>
           <LineString>
               <coordinates>
                   -80.95,35.21666666666667,0
                   2.0832941,41.297445,0
               </coordinates>
           </LineString>
       </Placemark>
       <Placemark>
           <name>ECMGF</name>
           <styleUrl>#SchengenLine</styleUrl>
           <LineString>
               <coordinates>
                   8.570555555555556,50.03333333333333,0
                   2.0832941,41.297445,0
               </coordinates>
           </LineString>
       </Placemark>
       <Placemark>
           <name>ECMLD</name>
           <styleUrl>#SchengenLine</styleUrl>
           <LineString>
               <coordinates>
                   4.764166666666667,52.308055555555555,0
                   2.0832941,41.297445,0
               </coordinates>
           </LineString>
       </Placemark>
       <Placemark>
           <name>EIIMU</name>
           <styleUrl>#SchengenLine</styleUrl>
           <LineString>
               <coordinates>
                   9.278333333333334,45.44944444444444,0
                   2.0832941,41.297445,0
               </coordinates>
           </LineString>
       </Placemark>
       <Placemark>
           <name>ECHUI</name>
           <styleUrl>#SchengenLine</styleUrl>
           <LineString>
               <coordinates>
                   -3.560833333333333,40.47222222222222,0
                   2.0832941,41.297445,0
               </coordinates>
           </LineString>
       </Placemark>
       <Placemark>
           <name>ECLRN</name>
           <styleUrl>#SchengenLine</styleUrl>
           <LineString>
               <coordinates>
                   2.5477777777777777,49.00972222222222,0
                   2.0832941,41.297445,0
               </coordinates>
           </LineString>
       </Placemark>
       <Placemark>
           <name>GEZWZ</name>
           <styleUrl>#NoSchengenLine</styleUrl>
           <LineString>
               <coordinates>
                   -0.19027777777777777,51.14805555555556,0
                   2.0832941,41.297445,0
               </coordinates>
           </LineString>
       </Placemark>
       <Placemark>
           <name>CSTTV</name>
           <styleUrl>#SchengenLine</styleUrl>
           <LineString>
               <coordinates>
                   -9.134166666666665,38.774166666666666,0
                   2.0832941,41.297445,0
               </coordinates>
           </LineString>
       </Placemark>
       <Placemark>
           <name>PHBXP</name>
           <styleUrl>#SchengenLine</styleUrl>
           <LineString>
               <coordinates>
                   4.764166666666667,52.308055555555555,0
                   2.0832941,41.297445,0
               </coordinates>
           </LineString>
       </Placemark>
       <Placemark>
           <name>ECJGM</name>
           <styleUrl>#SchengenLine</styleUrl>
           <LineString>
               <coordinates>
                   -2.9105555555555553,43.301111111111105,0
                   2.0832941,41.297445,0
               </coordinates>
           </LineString>
       </Placemark>
       <Placemark>
           <name>CFDAT</name>
           <styleUrl>#NoSchengenLine</styleUrl>
           <LineString>
               <coordinates>
                   -73.74138888888889,45.46805555555556,0
                   2.0832941,41.297445,0
               </coordinates>
           </LineString>
       </Placemark>
       <Placemark>
           <name>EIDHG</name>
           <styleUrl>#SchengenLine</styleUrl>
           <LineString>
               <coordinates>
                   9.988333333333333,53.63027777777778,0
                   2.0832941,41.297445,0
               </coordinates>
           </LineString>
       </Placemark>
       <Placemark>
           <name>EIFJP</name>
           <styleUrl>#SchengenLine</styleUrl>
           <LineString>
               <coordinates>
                   -2.9105555555555553,43.301111111111105,0
                   2.0832941,41.297445,0
               </coordinates>
           </LineString>
       </Placemark>
       <Placemark>
           <name>ECHQI</name>
           <styleUrl>#SchengenLine</styleUrl>
           <LineString>
               <coordinates>
                   12.238888888888889,41.80027777777777,0
                   2.0832941,41.297445,0
               </coordinates>
           </LineString>
       </Placemark>
       <Placemark>
           <name>CGTSW</name>
           <styleUrl>#NoSchengenLine</styleUrl>
           <LineString>
               <coordinates>
                   -79.63055555555555,43.67722222222222,0
                   2.0832941,41.297445,0
               </coordinates>
           </LineString>
       </Placemark>
       <Placemark>
           <name>ECLZO</name>
           <styleUrl>#NoSchengenLine</styleUrl>
           <LineString>
               <coordinates>
                   -0.19027777777777777,51.14805555555556,0
                   2.0832941,41.297445,0
               </coordinates>
           </LineString>
       </Placemark>
       <Placemark>
           <name>N76062</name>
           <styleUrl>#NoSchengenLine</styleUrl>
           <LineString>
               <coordinates>
                   -77.45666666666666,38.94499999999999,0
                   2.0832941,41.297445,0
               </coordinates>
           </LineString>
       </Placemark>
       <Placemark>
           <name>FA123</name>
           <styleUrl>#SchengenLine</styleUrl>
           <LineString>
               <coordinates>
                   -2.9105555555555553,43.301111111111105,0
                   2.0832941,41.297445,0
               </coordinates>
           </LineString>
       </Placemark>
       <Placemark>
           <name>URPSS</name>
           <styleUrl>#NoSchengenLine</styleUrl>
           <LineString>
               <coordinates>
                   30.893333333333334,50.344722222222224,0
                   2.0832941,41.297445,0
               </coordinates>
           </LineString>
       </Placemark>
       <Placemark>
           <name>4XELD</name>
           <styleUrl>#NoSchengenLine</styleUrl>
           <LineString>
               <coordinates>
                   34.885555555555555,32.00944444444445,0
                   2.0832941,41.297445,0
               </coordinates>
           </LineString>
       </Placemark>
       <Placemark>
           <name>EIEBA</name>
           <styleUrl>#NoSchengenLine</styleUrl>
           <LineString>
               <coordinates>
                   -1.3277777777777777,52.83111111111111,0
                   2.0832941,41.297445,0
               </coordinates>
           </LineString>
       </Placemark>
       <Placemark>
           <name>ECLZE</name>
           <styleUrl>#SchengenLine</styleUrl>
           <LineString>
               <coordinates>
                   3.0869444444444447,50.56333333333333,0
                   2.0832941,41.297445,0
               </coordinates>
           </LineString>
       </Placemark>
       <Placemark>
           <name>DAISW</name>
           <styleUrl>#SchengenLine</styleUrl>
           <LineString>
               <coordinates>
                   8.570555555555556,50.03333333333333,0
                   2.0832941,41.297445,0
               </coordinates>
           </LineString>
       </Placemark>
       <Placemark>
           <name>PHXRX</name>
           <styleUrl>#SchengenLine</styleUrl>
           <LineString>
               <coordinates>
                   5.374444444444444,51.45,0
                   2.0832941,41.297445,0
               </coordinates>
           </LineString>
       </Placemark>
       <Placemark>
           <name>TCJVM</name>
           <styleUrl>#NoSchengenLine</styleUrl>
           <LineString>
               <coordinates>
                   29.309166666666666,40.89833333333333,0
                   2.0832941,41.297445,0
               </coordinates>
           </LineString>
       </Placemark>
       <Placemark>
           <name>ECLVP</name>
           <styleUrl>#SchengenLine</styleUrl>
           <LineString>
               <coordinates>
                   14.26,50.100833333333334,0
                   2.0832941,41.297445,0
               </coordinates>
           </LineString>
       </Placemark>
       <Placemark>
           <name>URPSO</name>
           <styleUrl>#NoSchengenLine</styleUrl>
           <LineString>
               <coordinates>
                   30.893333333333334,50.344722222222224,0
                   2.0832941,41.297445,0
               </coordinates>
           </LineString>
       </Placemark>
       <Placemark>
           <name>ECLRM</name>
           <styleUrl>#NoSchengenLine</styleUrl>
           <LineString>
               <coordinates>
                   -1.7480555555555557,52.45388888888889,0
                   2.0832941,41.297445,0
               </coordinates>
           </LineString>
       </Placemark>
       <Placemark>
           <name>ECLML</name>
           <styleUrl>#SchengenLine</styleUrl>
           <LineString>
               <coordinates>
                   4.2186111111111115,39.862500000000004,0
                   2.0832941,41.297445,0
               </coordinates>
           </LineString>
       </Placemark>
       <Placemark>
           <name>ECMEQ</name>
           <styleUrl>#SchengenLine</styleUrl>
           <LineString>
               <coordinates>
                   1.3730555555555557,38.87277777777778,0
                   2.0832941,41.297445,0
               </coordinates>
           </LineString>
       </Placemark>
       <Placemark>
           <name>A7AEC</name>
           <styleUrl>#NoSchengenLine</styleUrl>
           <LineString>
               <coordinates>
                   51.608333333333334,25.274444444444445,0
                   2.0832941,41.297445,0
               </coordinates>
           </LineString>
       </Placemark>
       <Placemark>
           <name>LNDYB</name>
           <styleUrl>#SchengenLine</styleUrl>
           <LineString>
               <coordinates>
                   12.29111111111111,57.66,0
                   2.0832941,41.297445,0
               </coordinates>
           </LineString>
       </Placemark>
       <Placemark>
           <name>A6EOP</name>
           <styleUrl>#NoSchengenLine</styleUrl>
           <LineString>
               <coordinates>
                   55.36,25.249166666666667,0
                   2.0832941,41.297445,0
               </coordinates>
           </LineString>
       </Placemark>
       <Placemark>
           <name>DAKNQ</name>
           <styleUrl>#SchengenLine</styleUrl>
           <LineString>
               <coordinates>
                   13.287777777777778,52.55972222222222,0
                   2.0832941,41.297445,0
               </coordinates>
           </LineString>
       </Placemark>
       <Placemark>
           <name>DAGWE</name>
           <styleUrl>#SchengenLine</styleUrl>
           <LineString>
               <coordinates>
                   9.988333333333333,53.63027777777778,0
                   2.0832941,41.297445,0
               </coordinates>
           </LineString>
       </Placemark>
       <Placemark>
           <name>DCARO</name>
           <styleUrl>#SchengenLine</styleUrl>
           <LineString>
               <coordinates>
                   -0.4816666666666667,39.489444444444445,0
                   2.0832941,41.297445,0
               </coordinates>
           </LineString>
       </Placemark>
       <Placemark>
           <name>OKNEN</name>
           <styleUrl>#SchengenLine</styleUrl>
           <LineString>
               <coordinates>
                   14.26,50.100833333333334,0
                   2.0832941,41.297445,0
               </coordinates>
           </LineString>
       </Placemark>
       <Placemark>
           <name>LXLQB</name>
           <styleUrl>#SchengenLine</styleUrl>
           <LineString>
               <coordinates>
                   6.204444444444444,49.623333333333335,0
                   2.0832941,41.297445,0
               </coordinates>
           </LineString>
       </Placemark>
       <Placemark>
           <name>EIENL</name>
           <styleUrl>#NoSchengenLine</styleUrl>
           <LineString>
               <coordinates>
                   -8.040833333333333,31.608611111111113,0
                   2.0832941,41.297445,0
               </coordinates>
           </LineString>
       </Placemark>
       <Placemark>
           <name>TCJHZ</name>
           <styleUrl>#NoSchengenLine</styleUrl>
           <LineString>
               <coordinates>
                   28.81416666666667,40.976111111111116,0
                   2.0832941,41.297445,0
               </coordinates>
           </LineString>
       </Placemark>
       <Placemark>
           <name>EIFRH</name>
           <styleUrl>#SchengenLine</styleUrl>
           <LineString>
               <coordinates>
                   2.738888888888889,39.55166666666666,0
                   2.0832941,41.297445,0
               </coordinates>
           </LineString>
       </Placemark>
       <Placemark>
           <name>GEZUM</name>
           <styleUrl>#SchengenLine</styleUrl>
           <LineString>
               <coordinates>
                   7.215,43.665277777777774,0
                   2.0832941,41.297445,0
               </coordinates>
           </LineString>
       </Placemark>
       <Placemark>
           <name>CSTTK</name>
           <styleUrl>#SchengenLine</styleUrl>
           <LineString>
               <coordinates>
                   -9.134166666666665,38.774166666666666,0
                   2.0832941,41.297445,0
               </coordinates>
           </LineString>
       </Placemark>
       <Placemark>
           <name>EIDHT</name>
           <styleUrl>#SchengenLine</styleUrl>
           <LineString>
               <coordinates>
                   25.28777777777778,54.636944444444445,0
                   2.0832941,41.297445,0
               </coordinates>
           </LineString>
       </Placemark>
       <Placemark>
           <name>TCCPG</name>
           <styleUrl>#NoSchengenLine</styleUrl>
           <LineString>
               <coordinates>
                   29.309166666666666,40.89833333333333,0
                   2.0832941,41.297445,0
               </coordinates>
           </LineString>
       </Placemark>
       <Placemark>
           <name>ECLZF</name>
           <styleUrl>#SchengenLine</styleUrl>
           <LineString>
               <coordinates>
                   -2.37,36.84388888888889,0
                   2.0832941,41.297445,0
               </coordinates>
           </LineString>
       </Placemark>
       <Placemark>
           <name>ECIXD</name>
           <styleUrl>#SchengenLine</styleUrl>
           <LineString>
               <coordinates>
                   -3.560833333333333,40.47222222222222,0
                   2.0832941,41.297445,0
               </coordinates>
           </LineString>
       </Placemark>
       <Placemark>
           <name>ECMHA</name>
           <styleUrl>#SchengenLine</styleUrl>
           <LineString>
               <coordinates>
                   8.723055555555556,45.63,0
                   2.0832941,41.297445,0
               </coordinates>
           </LineString>
       </Placemark>
       <Placemark>
           <name>SUGCE</name>
           <styleUrl>#NoSchengenLine</styleUrl>
           <LineString>
               <coordinates>
                   31.413888888888888,30.11138888888889,0
                   2.0832941,41.297445,0
               </coordinates>
           </LineString>
       </Placemark>
       <Placemark>
           <name>SXABE</name>
           <styleUrl>#SchengenLine</styleUrl>
           <LineString>
               <coordinates>
                   -1.7322222222222223,48.07194444444445,0
                   2.0832941,41.297445,0
               </coordinates>
           </LineString>
       </Placemark>
       <Placemark>
           <name>HBIOM</name>
           <styleUrl>#SchengenLine</styleUrl>
           <LineString>
               <coordinates>
                   8.548055555555555,47.45805555555556,0
                   2.0832941,41.297445,0
               </coordinates>
           </LineString>
       </Placemark>
       <Placemark>
           <name>GEUUY</name>
           <styleUrl>#NoSchengenLine</styleUrl>
           <LineString>
               <coordinates>
                   -0.4613888888888889,51.4775,0
                   2.0832941,41.297445,0
               </coordinates>
           </LineString>
       </Placemark>
       <Placemark>
           <name>ECMEA</name>
           <styleUrl>#NoSchengenLine</styleUrl>
           <LineString>
               <coordinates>
                   -4.977777777777778,33.92722222222222,0
                   2.0832941,41.297445,0
               </coordinates>
           </LineString>
       </Placemark>
       <Placemark>
           <name>ECLTG</name>
           <styleUrl>#NoSchengenLine</styleUrl>
           <LineString>
               <coordinates>
                   12.278333333333334,53.91916666666666,0
                   2.0832941,41.297445,0
               </coordinates>
           </LineString>
       </Placemark>
       <Placemark>
           <name>DAIRA</name>
           <styleUrl>#SchengenLine</styleUrl>
           <LineString>
               <coordinates>
                   11.786111111111111,48.35388888888889,0
                   2.0832941,41.297445,0
               </coordinates>
           </LineString>
       </Placemark>
       <Placemark>
           <name>ECJYX</name>
           <styleUrl>#SchengenLine</styleUrl>
           <LineString>
               <coordinates>
                   4.764166666666667,52.308055555555555,0
                   2.0832941,41.297445,0
               </coordinates>
           </LineString>
       </Placemark>
       <Placemark>
           <name>ECLUN</name>
           <styleUrl>#SchengenLine</styleUrl>
           <LineString>
               <coordinates>
                   7.649444444444444,45.2025,0
                   2.0832941,41.297445,0
               </coordinates>
           </LineString>
       </Placemark>
       <Placemark>
           <name>GEZPL</name>
           <styleUrl>#NoSchengenLine</styleUrl>
           <LineString>
               <coordinates>
                   -0.19027777777777777,51.14805555555556,0
                   2.0832941,41.297445,0
               </coordinates>
           </LineString>
       </Placemark>
       <Placemark>
           <name>EIFJN</name>
           <styleUrl>#SchengenLine</styleUrl>
           <LineString>
               <coordinates>
                   13.500555555555556,52.36222222222222,0
                   2.0832941,41.297445,0
               </coordinates>
           </LineString>
       </Placemark>
       <Placemark>
           <name>PHXRD</name>
           <styleUrl>#SchengenLine</styleUrl>
           <LineString>
               <coordinates>
                   4.764166666666667,52.308055555555555,0
                   2.0832941,41.297445,0
               </coordinates>
           </LineString>
       </Placemark>
       <Placemark>
           <name>ECLXV</name>
           <styleUrl>#SchengenLine</styleUrl>
           <LineString>
               <coordinates>
                   2.738888888888889,39.55166666666666,0
                   2.0832941,41.297445,0
               </coordinates>
           </LineString>
       </Placemark>
       <Placemark>
           <name>ECLOB</name>
           <styleUrl>#SchengenLine</styleUrl>
           <LineString>
               <coordinates>
                   -4.4991666666666665,36.675,0
                   2.0832941,41.297445,0
               </coordinates>
           </LineString>
       </Placemark>
       <Placemark>
           <name>ECMGE</name>
           <styleUrl>#SchengenLine</styleUrl>
           <LineString>
               <coordinates>
                   -2.9105555555555553,43.301111111111105,0
                   2.0832941,41.297445,0
               </coordinates>
           </LineString>
       </Placemark>
       <Placemark>
           <name>OOSSW</name>
           <styleUrl>#SchengenLine</styleUrl>
           <LineString>
               <coordinates>
                   4.484444444444445,50.90138888888889,0
                   2.0832941,41.297445,0
               </coordinates>
           </LineString>
       </Placemark>
       <Placemark>
           <name>GEUYB</name>
           <styleUrl>#NoSchengenLine</styleUrl>
           <LineString>
               <coordinates>
                   -0.19027777777777777,51.14805555555556,0
                   2.0832941,41.297445,0
               </coordinates>
           </LineString>
       </Placemark>
       <Placemark>
           <name>DAISE</name>
           <styleUrl>#SchengenLine</styleUrl>
           <LineString>
               <coordinates>
                   8.570555555555556,50.03333333333333,0
                   2.0832941,41.297445,0
               </coordinates>
           </LineString>
       </Placemark>
       <Placemark>
           <name>N969AV</name>
           <styleUrl>#NoSchengenLine</styleUrl>
           <LineString>
               <coordinates>
                   -74.15,4.7,0
                   2.0832941,41.297445,0
               </coordinates>
           </LineString>
       </Placemark>
       <Placemark>
           <name>A6AIN</name>
           <styleUrl>#NoSchengenLine</styleUrl>
           <LineString>
               <coordinates>
                   -0.4613888888888889,51.4775,0
                   2.0832941,41.297445,0
               </coordinates>
           </LineString>
       </Placemark>
       <Placemark>
           <name>EIFIY</name>
           <styleUrl>#SchengenLine</styleUrl>
           <LineString>
               <coordinates>
                   12.238888888888889,41.80027777777777,0
                   2.0832941,41.297445,0
               </coordinates>
           </LineString>
       </Placemark>
       <Placemark>
           <name>ECHUH</name>
           <styleUrl>#SchengenLine</styleUrl>
           <LineString>
               <coordinates>
                   -3.560833333333333,40.47222222222222,0
                   2.0832941,41.297445,0
               </coordinates>
           </LineString>
       </Placemark>
       <Placemark>
           <name>ECHOB</name>
           <styleUrl>#NoSchengenLine</styleUrl>
           <LineString>
               <coordinates>
                   18.723333333333333,42.40472222222222,0
                   2.0832941,41.297445,0
               </coordinates>
           </LineString>
       </Placemark>
       <Placemark>
           <name>EIDAE</name>
           <styleUrl>#SchengenLine</styleUrl>
           <LineString>
               <coordinates>
                   7.649444444444444,45.2025,0
                   2.0832941,41.297445,0
               </coordinates>
           </LineString>
       </Placemark>
       <Placemark>
           <name>ECLRY</name>
           <styleUrl>#SchengenLine</styleUrl>
           <LineString>
               <coordinates>
                   2.3794444444444447,48.723333333333336,0
                   2.0832941,41.297445,0
               </coordinates>
           </LineString>
       </Placemark>
       <Placemark>
           <name>EIENO</name>
           <styleUrl>#SchengenLine</styleUrl>
           <LineString>
               <coordinates>
                   -4.4991666666666665,36.675,0
                   2.0832941,41.297445,0
               </coordinates>
           </LineString>
       </Placemark>
       <Placemark>
           <name>EIDWK</name>
           <styleUrl>#SchengenLine</styleUrl>
           <LineString>
               <coordinates>
                   12.197777777777778,45.65083333333333,0
                   2.0832941,41.297445,0
               </coordinates>
           </LineString>
       </Placemark>
       <Placemark>
           <name>ECJTR</name>
           <styleUrl>#SchengenLine</styleUrl>
           <LineString>
               <coordinates>
                   7.529166666666667,47.59,0
                   2.0832941,41.297445,0
               </coordinates>
           </LineString>
       </Placemark>
       <Placemark>
           <name>ECMGF</name>
           <styleUrl>#SchengenLine</styleUrl>
           <LineString>
               <coordinates>
                   4.2186111111111115,39.862500000000004,0
                   2.0832941,41.297445,0
               </coordinates>
           </LineString>
       </Placemark>
       <Placemark>
           <name>EIFJL</name>
           <styleUrl>#SchengenLine</styleUrl>
           <LineString>
               <coordinates>
                   5.218055555555556,60.29361111111111,0
                   2.0832941,41.297445,0
               </coordinates>
           </LineString>
       </Placemark>
       <Placemark>
           <name>ECLST</name>
           <styleUrl>#SchengenLine</styleUrl>
           <LineString>
               <coordinates>
                   4.2186111111111115,39.862500000000004,0
                   2.0832941,41.297445,0
               </coordinates>
           </LineString>
       </Placemark>
       <Placemark>
           <name>EK111</name>
           <styleUrl>#SchengenLine</styleUrl>
           <LineString>
               <coordinates>
                   7.416388888888889,47.18138888888889,0
                   2.0832941,41.297445,0
               </coordinates>
           </LineString>
       </Placemark>
       <Placemark>
           <name>ECMGY</name>
           <styleUrl>#SchengenLine</styleUrl>
           <LineString>
               <coordinates>
                   20.96722222222222,52.16583333333333,0
                   2.0832941,41.297445,0
               </coordinates>
           </LineString>
       </Placemark>
       <Placemark>
           <name>EIDAM</name>
           <styleUrl>#NoSchengenLine</styleUrl>
           <LineString>
               <coordinates>
                   0.23500000000000001,51.885,0
                   2.0832941,41.297445,0
               </coordinates>
           </LineString>
       </Placemark>
       <Placemark>
           <name>EIFJM</name>
           <styleUrl>#SchengenLine</styleUrl>
           <LineString>
               <coordinates>
                   17.91861111111111,59.651944444444446,0
                   2.0832941,41.297445,0
               </coordinates>
           </LineString>
       </Placemark>
       <Placemark>
           <name>DAISR</name>
           <styleUrl>#SchengenLine</styleUrl>
           <LineString>
               <coordinates>
                   8.570555555555556,50.03333333333333,0
                   2.0832941,41.297445,0
               </coordinates>
           </LineString>
       </Placemark>
       <Placemark>
           <name>CSTTN</name>
           <styleUrl>#SchengenLine</styleUrl>
           <LineString>
               <coordinates>
                   -9.134166666666665,38.774166666666666,0
                   2.0832941,41.297445,0
               </coordinates>
           </LineString>
       </Placemark>
       <Placemark>
           <name>EIDCJ</name>
           <styleUrl>#SchengenLine</styleUrl>
           <LineString>
               <coordinates>
                   9.700277777777776,45.66888888888889,0
                   2.0832941,41.297445,0
               </coordinates>
           </LineString>
       </Placemark>
       <Placemark>
           <name>OYRUP</name>
           <styleUrl>#NoSchengenLine</styleUrl>
           <LineString>
               <coordinates>
                   -16.341666666666665,28.482777777777777,0
                   2.0832941,41.297445,0
               </coordinates>
           </LineString>
       </Placemark>
       <Placemark>
           <name>ECIVJ</name>
           <styleUrl>#SchengenLine</styleUrl>
           <LineString>
               <coordinates>
                   1.3730555555555557,38.87277777777778,0
                   2.0832941,41.297445,0
               </coordinates>
           </LineString>
       </Placemark>
       <Placemark>
           <name>EIEFW</name>
           <styleUrl>#SchengenLine</styleUrl>
           <LineString>
               <coordinates>
                   4.484444444444445,50.90138888888889,0
                   2.0832941,41.297445,0
               </coordinates>
           </LineString>
       </Placemark>
       <Placemark>
           <name>LVCSX</name>
           <styleUrl>#NoSchengenLine</styleUrl>
           <LineString>
               <coordinates>
                   -58.53583333333333,-34.82222222222222,0
                   2.0832941,41.297445,0
               </coordinates>
           </LineString>
       </Placemark>
       <Placemark>
           <name>PHBXG</name>
           <styleUrl>#SchengenLine</styleUrl>
           <LineString>
               <coordinates>
                   4.764166666666667,52.308055555555555,0
                   2.0832941,41.297445,0
               </coordinates>
           </LineString>
       </Placemark>
       <Placemark>
           <name>LYVEO</name>
           <styleUrl>#SchengenLine</styleUrl>
           <LineString>
               <coordinates>
                   -8.415277777777778,42.896388888888886,0
                   2.0832941,41.297445,0
               </coordinates>
           </LineString>
       </Placemark>
       <Placemark>
           <name>ECMJZ</name>
           <styleUrl>#SchengenLine</styleUrl>
           <LineString>
               <coordinates>
                   -6.8213888888888885,38.89138888888889,0
                   2.0832941,41.297445,0
               </coordinates>
           </LineString>
       </Placemark>
       <Placemark>
           <name>VQBBG</name>
           <styleUrl>#NoSchengenLine</styleUrl>
           <LineString>
               <coordinates>
                   37.41305555555555,55.972500000000004,0
                   2.0832941,41.297445,0
               </coordinates>
           </LineString>
       </Placemark>
       <Placemark>
           <name>PTMSV</name>
           <styleUrl>#NoSchengenLine</styleUrl>
           <LineString>
               <coordinates>
                   -46.47,-23.433333333333334,0
                   2.0832941,41.297445,0
               </coordinates>
           </LineString>
       </Placemark>
       <Placemark>
           <name>HBJYL</name>
           <styleUrl>#SchengenLine</styleUrl>
           <LineString>
               <coordinates>
                   6.109444444444444,46.23833333333334,0
                   2.0832941,41.297445,0
               </coordinates>
           </LineString>
       </Placemark>
       <Placemark>
           <name>ECJPF</name>
           <styleUrl>#SchengenLine</styleUrl>
           <LineString>
               <coordinates>
                   -3.560833333333333,40.47222222222222,0
                   2.0832941,41.297445,0
               </coordinates>
           </LineString>
       </Placemark>
       <Placemark>
           <name>EIFJP</name>
           <styleUrl>#SchengenLine</styleUrl>
           <LineString>
               <coordinates>
                   2.738888888888889,39.55166666666666,0
                   2.0832941,41.297445,0
               </coordinates>
           </LineString>
       </Placemark>
       <Placemark>
           <name>HBJXE</name>
           <styleUrl>#SchengenLine</styleUrl>
           <LineString>
               <coordinates>
                   7.529166666666667,47.59,0
                   2.0832941,41.297445,0
               </coordinates>
           </LineString>
       </Placemark>
       <Placemark>
           <name>CNNMH</name>
           <styleUrl>#NoSchengenLine</styleUrl>
           <LineString>
               <coordinates>
                   -7.581666666666666,33.36416666666667,0
                   2.0832941,41.297445,0
               </coordinates>
           </LineString>
       </Placemark>
       <Placemark>
           <name>ECLML</name>
           <styleUrl>#SchengenLine</styleUrl>
           <LineString>
               <coordinates>
                   2.738888888888889,39.55166666666666,0
                   2.0832941,41.297445,0
               </coordinates>
           </LineString>
       </Placemark>
       <Placemark>
           <name>ECJNI</name>
           <styleUrl>#SchengenLine</styleUrl>
           <LineString>
               <coordinates>
                   -3.560833333333333,40.47222222222222,0
                   2.0832941,41.297445,0
               </coordinates>
           </LineString>
       </Placemark>
       <Placemark>
           <name>ECMKV</name>
           <styleUrl>#SchengenLine</styleUrl>
           <LineString>
               <coordinates>
                   6.204444444444444,49.623333333333335,0
                   2.0832941,41.297445,0
               </coordinates>
           </LineString>
       </Placemark>
       <Placemark>
           <name>ECJGM</name>
           <styleUrl>#SchengenLine</styleUrl>
           <LineString>
               <coordinates>
                   -2.9105555555555553,43.301111111111105,0
                   2.0832941,41.297445,0
               </coordinates>
           </LineString>
       </Placemark>
       <Placemark>
           <name>ECMBK</name>
           <styleUrl>#SchengenLine</styleUrl>
           <LineString>
               <coordinates>
                   -6.06,36.74472222222222,0
                   2.0832941,41.297445,0
               </coordinates>
           </LineString>
       </Placemark>
       <Placemark>
           <name>EIFJK</name>
           <styleUrl>#SchengenLine</styleUrl>
           <LineString>
               <coordinates>
                   24.96333333333333,60.31722222222223,0
                   2.0832941,41.297445,0
               </coordinates>
           </LineString>
       </Placemark>
       <Placemark>
           <name>ECMBF</name>
           <styleUrl>#SchengenLine</styleUrl>
           <LineString>
               <coordinates>
                   11.078055555555554,49.49861111111111,0
                   2.0832941,41.297445,0
               </coordinates>
           </LineString>
       </Placemark>
       <Placemark>
           <name>ECMLE</name>
           <styleUrl>#SchengenLine</styleUrl>
           <LineString>
               <coordinates>
                   5.374444444444444,51.45,0
                   2.0832941,41.297445,0
               </coordinates>
           </LineString>
       </Placemark>
       <Placemark>
           <name>ECMHB</name>
           <styleUrl>#SchengenLine</styleUrl>
           <LineString>
               <coordinates>
                   9.221944444444444,48.69,0
                   2.0832941,41.297445,0
               </coordinates>
           </LineString>
       </Placemark>
       <Placemark>
           <name>TCJIP</name>
           <styleUrl>#NoSchengenLine</styleUrl>
           <LineString>
               <coordinates>
                   28.81416666666667,40.976111111111116,0
                   2.0832941,41.297445,0
               </coordinates>
           </LineString>
       </Placemark>
       <Placemark>
           <name>TCDCF</name>
           <styleUrl>#NoSchengenLine</styleUrl>
           <LineString>
               <coordinates>
                   29.309166666666666,40.89833333333333,0
                   2.0832941,41.297445,0
               </coordinates>
           </LineString>
       </Placemark>
       <Placemark>
           <name>ECLZN</name>
           <styleUrl>#NoSchengenLine</styleUrl>
           <LineString>
               <coordinates>
                   -1.6897222222222223,55.03805555555555,0
                   2.0832941,41.297445,0
               </coordinates>
           </LineString>
       </Placemark>
       <Placemark>
           <name>IBIXS</name>
           <styleUrl>#SchengenLine</styleUrl>
           <LineString>
               <coordinates>
                   12.238888888888889,41.80027777777777,0
                   2.0832941,41.297445,0
               </coordinates>
           </LineString>
       </Placemark>
       <Placemark>
           <name>VPBAS</name>
           <styleUrl>#NoSchengenLine</styleUrl>
           <LineString>
               <coordinates>
                   37.906388888888884,55.40861111111111,0
                   2.0832941,41.297445,0
               </coordinates>
           </LineString>
       </Placemark>
       <Placemark>
           <name>ECMBS</name>
           <styleUrl>#SchengenLine</styleUrl>
           <LineString>
               <coordinates>
                   -5.898888888888888,37.418055555555554,0
                   2.0832941,41.297445,0
               </coordinates>
           </LineString>
       </Placemark>
       <Placemark>
           <name>ECJFF</name>
           <styleUrl>#NoSchengenLine</styleUrl>
           <LineString>
               <coordinates>
                   -13.863888888888889,28.452777777777776,0
                   2.0832941,41.297445,0
               </coordinates>
           </LineString>
       </Placemark>
       <Placemark>
           <name>LNRRG</name>
           <styleUrl>#SchengenLine</styleUrl>
           <LineString>
               <coordinates>
                   11.08388888888889,60.20277777777778,0
                   2.0832941,41.297445,0
               </coordinates>
           </LineString>
       </Placemark>
       <Placemark>
           <name>ECJTQ</name>
           <styleUrl>#SchengenLine</styleUrl>
           <LineString>
               <coordinates>
                   2.5477777777777777,49.00972222222222,0
                   2.0832941,41.297445,0
               </coordinates>
           </LineString>
       </Placemark>
       <Placemark>
           <name>ECLQK</name>
           <styleUrl>#SchengenLine</styleUrl>
           <LineString>
               <coordinates>
                   -3.777222222222222,37.18861111111111,0
                   2.0832941,41.297445,0
               </coordinates>
           </LineString>
       </Placemark>
       <Placemark>
           <name>ECMKX</name>
           <styleUrl>#SchengenLine</styleUrl>
           <LineString>
               <coordinates>
                   2.3794444444444447,48.723333333333336,0
                   2.0832941,41.297445,0
               </coordinates>
           </LineString>
       </Placemark>
       <Placemark>
           <name>ECLVO</name>
           <styleUrl>#SchengenLine</styleUrl>
           <LineString>
               <coordinates>
                   4.2186111111111115,39.862500000000004,0
                   2.0832941,41.297445,0
               </coordinates>
           </LineString>
       </Placemark>
       <Placemark>
           <name>N483CM</name>
           <styleUrl>#NoSchengenLine</styleUrl>
           <LineString>
               <coordinates>
                   18.26833333333333,42.561388888888885,0
                   2.0832941,41.297445,0
               </coordinates>
           </LineString>
       </Placemark>
       <Placemark>
           <name>FHEPB</name>
           <styleUrl>#SchengenLine</styleUrl>
           <LineString>
               <coordinates>
                   2.5477777777777777,49.00972222222222,0
                   2.0832941,41.297445,0
               </coordinates>
           </LineString>
       </Placemark>
       <Placemark>
           <name>ECMBY</name>
           <styleUrl>#NoSchengenLine</styleUrl>
           <LineString>
               <coordinates>
                   -2.8497222222222223,53.33361111111111,0
                   2.0832941,41.297445,0
               </coordinates>
           </LineString>
       </Placemark>
       <Placemark>
           <name>ECMKM</name>
           <styleUrl>#SchengenLine</styleUrl>
           <LineString>
               <coordinates>
                   -0.5580555555555556,38.282222222222224,0
                   2.0832941,41.297445,0
               </coordinates>
           </LineString>
       </Placemark>
       <Placemark>
           <name>DIERF</name>
           <styleUrl>#SchengenLine</styleUrl>
           <LineString>
               <coordinates>
                   11.078055555555554,49.49861111111111,0
                   2.0832941,41.297445,0
               </coordinates>
           </LineString>
       </Placemark>
       <Placemark>
           <name>DAIRD</name>
           <styleUrl>#SchengenLine</styleUrl>
           <LineString>
               <coordinates>
                   11.786111111111111,48.35388888888889,0
                   2.0832941,41.297445,0
               </coordinates>
           </LineString>
       </Placemark>
       <Placemark>
           <name>ECJFN</name>
           <styleUrl>#SchengenLine</styleUrl>
           <LineString>
               <coordinates>
                   -3.560833333333333,40.47222222222222,0
                   2.0832941,41.297445,0
               </coordinates>
           </LineString>
       </Placemark>
       <Placemark>
           <name>HBIOH</name>
           <styleUrl>#SchengenLine</styleUrl>
           <LineString>
               <coordinates>
                   8.548055555555555,47.45805555555556,0
                   2.0832941,41.297445,0
               </coordinates>
           </LineString>
       </Placemark>
       <Placemark>
           <name>ECKCU</name>
           <styleUrl>#SchengenLine</styleUrl>
           <LineString>
               <coordinates>
                   4.484444444444445,50.90138888888889,0
                   2.0832941,41.297445,0
               </coordinates>
           </LineString>
       </Placemark>
       <Placemark>
           <name>EIDHT</name>
           <styleUrl>#SchengenLine</styleUrl>
           <LineString>
               <coordinates>
                   1.3730555555555557,38.87277777777778,0
                   2.0832941,41.297445,0
               </coordinates>
           </LineString>
       </Placemark>
       <Placemark>
           <name>ECLZF</name>
           <styleUrl>#SchengenLine</styleUrl>
           <LineString>
               <coordinates>
                   -2.9105555555555553,43.301111111111105,0
                   2.0832941,41.297445,0
               </coordinates>
           </LineString>
       </Placemark>
       <Placemark>
           <name>GTTOE</name>
           <styleUrl>#NoSchengenLine</styleUrl>
           <LineString>
               <coordinates>
                   -0.4613888888888889,51.4775,0
                   2.0832941,41.297445,0
               </coordinates>
           </LineString>
       </Placemark>
       <Placemark>
           <name>ECLAA</name>
           <styleUrl>#SchengenLine</styleUrl>
           <LineString>
               <coordinates>
                   9.988333333333333,53.63027777777778,0
                   2.0832941,41.297445,0
               </coordinates>
           </LineString>
       </Placemark>
       <Placemark>
           <name>EIEPG</name>
           <styleUrl>#NoSchengenLine</styleUrl>
           <LineString>
               <coordinates>
                   -2.8497222222222223,53.33361111111111,0
                   2.0832941,41.297445,0
               </coordinates>
           </LineString>
       </Placemark>
       <Placemark>
           <name>ECMKN</name>
           <styleUrl>#SchengenLine</styleUrl>
           <LineString>
               <coordinates>
                   9.68361111111111,52.46027777777778,0
                   2.0832941,41.297445,0
               </coordinates>
           </LineString>
       </Placemark>
       <Placemark>
           <name>ECHHA</name>
           <styleUrl>#SchengenLine</styleUrl>
           <LineString>
               <coordinates>
                   1.3730555555555557,38.87277777777778,0
                   2.0832941,41.297445,0
               </coordinates>
           </LineString>
       </Placemark>
       <Placemark>
           <name>ECLXV</name>
           <styleUrl>#SchengenLine</styleUrl>
           <LineString>
               <coordinates>
                   2.738888888888889,39.55166666666666,0
                   2.0832941,41.297445,0
               </coordinates>
           </LineString>
       </Placemark>
       <Placemark>
           <name>CNRGG</name>
           <styleUrl>#NoSchengenLine</styleUrl>
           <LineString>
               <coordinates>
                   -7.581666666666666,33.36416666666667,0
                   2.0832941,41.297445,0
               </coordinates>
           </LineString>
       </Placemark>
       <Placemark>
           <name>DAIDQ</name>
           <styleUrl>#SchengenLine</styleUrl>
           <LineString>
               <coordinates>
                   8.570555555555556,50.03333333333333,0
                   2.0832941,41.297445,0
               </coordinates>
           </LineString>
       </Placemark>
       <Placemark>
           <name>GEZWZ</name>
           <styleUrl>#SchengenLine</styleUrl>
           <LineString>
               <coordinates>
                   2.5477777777777777,49.00972222222222,0
                   2.0832941,41.297445,0
               </coordinates>
           </LineString>
       </Placemark>
       <Placemark>
           <name>ECMGZ</name>
           <styleUrl>#NoSchengenLine</styleUrl>
           <LineString>
               <coordinates>
                   -0.19027777777777777,51.14805555555556,0
                   2.0832941,41.297445,0
               </coordinates>
           </LineString>
       </Placemark>
       <Placemark>
           <name>SXABE</name>
           <styleUrl>#SchengenLine</styleUrl>
           <LineString>
               <coordinates>
                   -0.7152777777777777,44.828611111111115,0
                   2.0832941,41.297445,0
               </coordinates>
           </LineString>
       </Placemark>
       <Placemark>
           <name>ECMEQ</name>
           <styleUrl>#SchengenLine</styleUrl>
           <LineString>
               <coordinates>
                   -9.134166666666665,38.774166666666666,0
                   2.0832941,41.297445,0
               </coordinates>
           </LineString>
       </Placemark>
       <Placemark>
           <name>GEZTA</name>
           <styleUrl>#NoSchengenLine</styleUrl>
           <LineString>
               <coordinates>
                   -0.19027777777777777,51.14805555555556,0
                   2.0832941,41.297445,0
               </coordinates>
           </LineString>
       </Placemark>
       <Placemark>
           <name>ECLZE</name>
           <styleUrl>#SchengenLine</styleUrl>
           <LineString>
               <coordinates>
                   12.351944444444444,45.50527777777778,0
                   2.0832941,41.297445,0
               </coordinates>
           </LineString>
       </Placemark>
       <Placemark>
           <name>ECLRN</name>
           <styleUrl>#SchengenLine</styleUrl>
           <LineString>
               <coordinates>
                   13.099444444444446,38.18194444444444,0
                   2.0832941,41.297445,0
               </coordinates>
           </LineString>
       </Placemark>
       <Placemark>
           <name>ECHQI</name>
           <styleUrl>#SchengenLine</styleUrl>
           <LineString>
               <coordinates>
                   16.765,41.13805555555555,0
                   2.0832941,41.297445,0
               </coordinates>
           </LineString>
       </Placemark>
       <Placemark>
           <name>ECHQJ</name>
           <styleUrl>#SchengenLine</styleUrl>
           <LineString>
               <coordinates>
                   16.56972222222222,48.11027777777778,0
                   2.0832941,41.297445,0
               </coordinates>
           </LineString>
       </Placemark>
       <Placemark>
           <name>ECMAI</name>
           <styleUrl>#SchengenLine</styleUrl>
           <LineString>
               <coordinates>
                   1.3730555555555557,38.87277777777778,0
                   2.0832941,41.297445,0
               </coordinates>
           </LineString>
       </Placemark>
       <Placemark>
           <name>ECMLD</name>
           <styleUrl>#SchengenLine</styleUrl>
           <LineString>
               <coordinates>
                   11.786111111111111,48.35388888888889,0
                   2.0832941,41.297445,0
               </coordinates>
           </LineString>
       </Placemark>
       <Placemark>
           <name>FGUGO</name>
           <styleUrl>#SchengenLine</styleUrl>
           <LineString>
               <coordinates>
                   2.5477777777777777,49.00972222222222,0
                   2.0832941,41.297445,0
               </coordinates>
           </LineString>
       </Placemark>
       <Placemark>
           <name>ECMJR</name>
           <styleUrl>#SchengenLine</styleUrl>
           <LineString>
               <coordinates>
                   14.290833333333333,40.88444444444444,0
                   2.0832941,41.297445,0
               </coordinates>
           </LineString>
       </Placemark>
       <Placemark>
           <name>ECLUN</name>
           <styleUrl>#SchengenLine</styleUrl>
           <LineString>
               <coordinates>
                   5.215,43.43666666666666,0
                   2.0832941,41.297445,0
               </coordinates>
           </LineString>
       </Placemark>
       <Placemark>
           <name>ECKRN</name>
           <styleUrl>#NoSchengenLine</styleUrl>
           <LineString>
               <coordinates>
                   -8.040833333333333,31.608611111111113,0
                   2.0832941,41.297445,0
               </coordinates>
           </LineString>
       </Placemark>
       <Placemark>
           <name>EIDHG</name>
           <styleUrl>#SchengenLine</styleUrl>
           <LineString>
               <coordinates>
                   12.238888888888889,41.80027777777777,0
                   2.0832941,41.297445,0
               </coordinates>
           </LineString>
       </Placemark>
       <Placemark>
           <name>GEZUM</name>
           <styleUrl>#SchengenLine</styleUrl>
           <LineString>
               <coordinates>
                   6.109444444444444,46.23833333333334,0
                   2.0832941,41.297445,0
               </coordinates>
           </LineString>
       </Placemark>
       <Placemark>
           <name>ECLVP</name>
           <styleUrl>#SchengenLine</styleUrl>
           <LineString>
               <coordinates>
                   6.109444444444444,46.23833333333334,0
                   2.0832941,41.297445,0
               </coordinates>
           </LineString>
       </Placemark>
       <Placemark>
           <name>ECIXD</name>
           <styleUrl>#SchengenLine</styleUrl>
           <LineString>
               <coordinates>
                   -3.560833333333333,40.47222222222222,0
                   2.0832941,41.297445,0
               </coordinates>
           </LineString>
       </Placemark>
       <Placemark>
           <name>ECLZZ</name>
           <styleUrl>#SchengenLine</styleUrl>
           <LineString>
               <coordinates>
                   12.238888888888889,41.80027777777777,0
                   2.0832941,41.297445,0
               </coordinates>
           </LineString>
       </Placemark>
       <Placemark>
           <name>PHBXE</name>
           <styleUrl>#SchengenLine</styleUrl>
           <LineString>
               <coordinates>
                   4.764166666666667,52.308055555555555,0
                   2.0832941,41.297445,0
               </coordinates>
           </LineString>
       </Placemark>
       <Placemark>
           <name>ECLRM</name>
           <styleUrl>#NoSchengenLine</styleUrl>
           <LineString>
               <coordinates>
                   -3.3433333333333333,51.39666666666667,0
                   2.0832941,41.297445,0
               </coordinates>
           </LineString>
       </Placemark>
       <Placemark>
           <name>ECMGY</name>
           <styleUrl>#SchengenLine</styleUrl>
           <LineString>
               <coordinates>
                   1.3730555555555557,38.87277777777778,0
                   2.0832941,41.297445,0
               </coordinates>
           </LineString>
       </Placemark>
       <Placemark>
           <name>ECJYX</name>
           <styleUrl>#SchengenLine</styleUrl>
           <LineString>
               <coordinates>
                   -3.82,43.426944444444445,0
                   2.0832941,41.297445,0
               </coordinates>
           </LineString>
       </Placemark>
       <Placemark>
           <name>EIFIY</name>
           <styleUrl>#SchengenLine</styleUrl>
           <LineString>
               <coordinates>
                   -4.851944444444444,41.70611111111111,0
                   2.0832941,41.297445,0
               </coordinates>
           </LineString>
       </Placemark>
       <Placemark>
           <name>DAICG</name>
           <styleUrl>#SchengenLine</styleUrl>
           <LineString>
               <coordinates>
                   9.221944444444444,48.69,0
                   2.0832941,41.297445,0
               </coordinates>
           </LineString>
       </Placemark>
       <Placemark>
           <name>CSTPA</name>
           <styleUrl>#SchengenLine</styleUrl>
           <LineString>
               <coordinates>
                   -9.134166666666665,38.774166666666666,0
                   2.0832941,41.297445,0
               </coordinates>
           </LineString>
       </Placemark>
       <Placemark>
           <name>EIDWK</name>
           <styleUrl>#SchengenLine</styleUrl>
           <LineString>
               <coordinates>
                   4.2186111111111115,39.862500000000004,0
                   2.0832941,41.297445,0
               </coordinates>
           </LineString>
       </Placemark>
       <Placemark>
           <name>GOZBW</name>
           <styleUrl>#NoSchengenLine</styleUrl>
           <LineString>
               <coordinates>
                   -1.6608333333333332,53.86611111111111,0
                   2.0832941,41.297445,0
               </coordinates>
           </LineString>
       </Placemark>
       <Placemark>
           <name>ECMMH</name>
           <styleUrl>#NoSchengenLine</styleUrl>
           <LineString>
               <coordinates>
                   -16.341666666666665,28.482777777777777,0
                   2.0832941,41.297445,0
               </coordinates>
           </LineString>
       </Placemark>
       <Placemark>
           <name>EIDHX</name>
           <styleUrl>#NoSchengenLine</styleUrl>
           <LineString>
               <coordinates>
                   0.23500000000000001,51.885,0
                   2.0832941,41.297445,0
               </coordinates>
           </LineString>
       </Placemark>
       <Placemark>
           <name>EIDHO</name>
           <styleUrl>#SchengenLine</styleUrl>
           <LineString>
               <coordinates>
                   16.90361111111111,58.78861111111111,0
                   2.0832941,41.297445,0
               </coordinates>
           </LineString>
       </Placemark>
       <Placemark>
           <name>ECMHS</name>
           <styleUrl>#NoSchengenLine</styleUrl>
           <LineString>
               <coordinates>
                   -13.605277777777777,28.945555555555554,0
                   2.0832941,41.297445,0
               </coordinates>
           </LineString>
       </Placemark>
       <Placemark>
           <name>DAISL</name>
           <styleUrl>#SchengenLine</styleUrl>
           <LineString>
               <coordinates>
                   8.570555555555556,50.03333333333333,0
                   2.0832941,41.297445,0
               </coordinates>
           </LineString>
       </Placemark>
       <Placemark>
           <name>HALPX</name>
           <styleUrl>#NoSchengenLine</styleUrl>
           <LineString>
               <coordinates>
                   23.692222222222224,46.78916666666667,0
                   2.0832941,41.297445,0
               </coordinates>
           </LineString>
       </Placemark>
       <Placemark>
           <name>HALWY</name>
           <styleUrl>#SchengenLine</styleUrl>
           <LineString>
               <coordinates>
                   23.97111111111111,56.92361111111111,0
                   2.0832941,41.297445,0
               </coordinates>
           </LineString>
       </Placemark>
       <Placemark>
           <name>ECJFT</name>
           <styleUrl>#SchengenLine</styleUrl>
           <LineString>
               <coordinates>
                   2.738888888888889,39.55166666666666,0
                   2.0832941,41.297445,0
               </coordinates>
           </LineString>
       </Placemark>
       <Placemark>
           <name>LNDYP</name>
           <styleUrl>#SchengenLine</styleUrl>
           <LineString>
               <coordinates>
                   17.91861111111111,59.651944444444446,0
                   2.0832941,41.297445,0
               </coordinates>
           </LineString>
       </Placemark>
       <Placemark>
           <name>DABZA</name>
           <styleUrl>#SchengenLine</styleUrl>
           <LineString>
               <coordinates>
                   6.7572222222222225,51.280833333333334,0
                   2.0832941,41.297445,0
               </coordinates>
           </LineString>
       </Placemark>
       <Placemark>
           <name>GEZIM</name>
           <styleUrl>#SchengenLine</styleUrl>
           <LineString>
               <coordinates>
                   13.500555555555556,52.36222222222222,0
                   2.0832941,41.297445,0
               </coordinates>
           </LineString>
       </Placemark>
       <Placemark>
           <name>ECLQM</name>
           <styleUrl>#SchengenLine</styleUrl>
           <LineString>
               <coordinates>
                   13.287777777777778,52.55972222222222,0
                   2.0832941,41.297445,0
               </coordinates>
           </LineString>
       </Placemark>
       <Placemark>
           <name>DAIQK</name>
           <styleUrl>#SchengenLine</styleUrl>
           <LineString>
               <coordinates>
                   7.142777777777778,50.865833333333335,0
                   2.0832941,41.297445,0
               </coordinates>
           </LineString>
       </Placemark>
       <Placemark>
           <name>ECLRG</name>
           <styleUrl>#NoSchengenLine</styleUrl>
           <LineString>
               <coordinates>
                   -1.6608333333333332,53.86611111111111,0
                   2.0832941,41.297445,0
               </coordinates>
           </LineString>
       </Placemark>
       <Placemark>
           <name>ECMFB</name>
           <styleUrl>#SchengenLine</styleUrl>
           <LineString>
               <coordinates>
                   11.08388888888889,60.20277777777778,0
                   2.0832941,41.297445,0
               </coordinates>
           </LineString>
       </Placemark>
       <Placemark>
           <name>ECMLM</name>
           <styleUrl>#SchengenLine</styleUrl>
           <LineString>
               <coordinates>
                   2.3794444444444447,48.723333333333336,0
                   2.0832941,41.297445,0
               </coordinates>
           </LineString>
       </Placemark>
       <Placemark>
           <name>DASXJ</name>
           <styleUrl>#SchengenLine</styleUrl>
           <LineString>
               <coordinates>
                   6.7572222222222225,51.280833333333334,0
                   2.0832941,41.297445,0
               </coordinates>
           </LineString>
       </Placemark>
       <Placemark>
           <name>ECMMU</name>
           <styleUrl>#NoSchengenLine</styleUrl>
           <LineString>
               <coordinates>
                   -15.386666666666667,27.931944444444447,0
                   2.0832941,41.297445,0
               </coordinates>
           </LineString>
       </Placemark>
       <Placemark>
           <name>ECLUT</name>
           <styleUrl>#NoSchengenLine</styleUrl>
           <LineString>
               <coordinates>
                   -16.341666666666665,28.482777777777777,0
                   2.0832941,41.297445,0
               </coordinates>
           </LineString>
       </Placemark>
       <Placemark>
           <name>HBIOM</name>
           <styleUrl>#SchengenLine</styleUrl>
           <LineString>
               <coordinates>
                   8.548055555555555,47.45805555555556,0
                   2.0832941,41.297445,0
               </coordinates>
           </LineString>
       </Placemark>
       <Placemark>
           <name>ECMEA</name>
           <styleUrl>#SchengenLine</styleUrl>
           <LineString>
               <coordinates>
                   8.723055555555556,45.63,0
                   2.0832941,41.297445,0
               </coordinates>
           </LineString>
       </Placemark>
       <Placemark>
           <name>FGRXE</name>
           <styleUrl>#SchengenLine</styleUrl>
           <LineString>
               <coordinates>
                   2.5477777777777777,49.00972222222222,0
                   2.0832941,41.297445,0
               </coordinates>
           </LineString>
       </Placemark>
       <Placemark>
           <name>GEUUT</name>
           <styleUrl>#NoSchengenLine</styleUrl>
           <LineString>
               <coordinates>
                   -0.4613888888888889,51.4775,0
                   2.0832941,41.297445,0
               </coordinates>
           </LineString>
       </Placemark>
       <Placemark>
           <name>ECLQN</name>
           <styleUrl>#SchengenLine</styleUrl>
           <LineString>
               <coordinates>
                   8.548055555555555,47.45805555555556,0
                   2.0832941,41.297445,0
               </coordinates>
           </LineString>
       </Placemark>
       <Placemark>
           <name>LYVEV</name>
           <styleUrl>#SchengenLine</styleUrl>
           <LineString>
               <coordinates>
                   2.738888888888889,39.55166666666666,0
                   2.0832941,41.297445,0
               </coordinates>
           </LineString>
       </Placemark>
       <Placemark>
           <name>ECJTR</name>
           <styleUrl>#SchengenLine</styleUrl>
           <LineString>
               <coordinates>
                   4.2186111111111115,39.862500000000004,0
                   2.0832941,41.297445,0
               </coordinates>
           </LineString>
       </Placemark>
       <Placemark>
           <name>9HVMK</name>
           <styleUrl>#SchengenLine</styleUrl>
           <LineString>
               <coordinates>
                   12.351944444444444,45.50527777777778,0
                   2.0832941,41.297445,0
               </coordinates>
           </LineString>
       </Placemark>
       <Placemark>
           <name>ECMKV</name>
           <styleUrl>#SchengenLine</styleUrl>
           <LineString>
               <coordinates>
                   -1.7905555555555555,43.35638888888889,0
                   2.0832941,41.297445,0
               </coordinates>
           </LineString>
       </Placemark>
       <Placemark>
           <name>CGDEJ</name>
           <styleUrl>#SchengenLine</styleUrl>
           <LineString>
               <coordinates>
                   4.437222222222222,51.956944444444446,0
                   2.0832941,41.297445,0
               </coordinates>
           </LineString>
       </Placemark>
       <Placemark>
           <name>ECHUH</name>
           <styleUrl>#SchengenLine</styleUrl>
           <LineString>
               <coordinates>
                   -3.560833333333333,40.47222222222222,0
                   2.0832941,41.297445,0
               </coordinates>
           </LineString>
       </Placemark>
       <Placemark>
           <name>ECLLM</name>
           <styleUrl>#SchengenLine</styleUrl>
           <LineString>
               <coordinates>
                   1.3730555555555557,38.87277777777778,0
                   2.0832941,41.297445,0
               </coordinates>
           </LineString>
       </Placemark>
       <Placemark>
           <name>OEIEW</name>
           <styleUrl>#SchengenLine</styleUrl>
           <LineString>
               <coordinates>
                   16.56972222222222,48.11027777777778,0
                   2.0832941,41.297445,0
               </coordinates>
           </LineString>
       </Placemark>
       <Placemark>
           <name>ECLLJ</name>
           <styleUrl>#SchengenLine</styleUrl>
           <LineString>
               <coordinates>
                   1.3730555555555557,38.87277777777778,0
                   2.0832941,41.297445,0
               </coordinates>
           </LineString>
       </Placemark>
       <Placemark>
           <name>EIEFN</name>
           <styleUrl>#SchengenLine</styleUrl>
           <LineString>
               <coordinates>
                   4.484444444444445,50.90138888888889,0
                   2.0832941,41.297445,0
               </coordinates>
           </LineString>
       </Placemark>
       <Placemark>
           <name>GEZEG</name>
           <styleUrl>#NoSchengenLine</styleUrl>
           <LineString>
               <coordinates>
                   -0.19027777777777777,51.14805555555556,0
                   2.0832941,41.297445,0
               </coordinates>
           </LineString>
       </Placemark>
       <Placemark>
           <name>EIDCM</name>
           <styleUrl>#SchengenLine</styleUrl>
           <LineString>
               <coordinates>
                   12.238888888888889,41.80027777777777,0
                   2.0832941,41.297445,0
               </coordinates>
           </LineString>
       </Placemark>
       <Placemark>
           <name>A7ACD</name>
           <styleUrl>#NoSchengenLine</styleUrl>
           <LineString>
               <coordinates>
                   51.608333333333334,25.274444444444445,0
                   2.0832941,41.297445,0
               </coordinates>
           </LineString>
       </Placemark>
       <Placemark>
           <name>7TVJM</name>
           <styleUrl>#NoSchengenLine</styleUrl>
           <LineString>
               <coordinates>
                   3.2144444444444447,36.693888888888885,0
                   2.0832941,41.297445,0
               </coordinates>
           </LineString>
       </Placemark>
       <Placemark>
           <name>EIDAE</name>
           <styleUrl>#SchengenLine</styleUrl>
           <LineString>
               <coordinates>
                   -8.627500000000001,42.22916666666667,0
                   2.0832941,41.297445,0
               </coordinates>
           </LineString>
       </Placemark>
       <Placemark>
           <name>HBJYK</name>
           <styleUrl>#SchengenLine</styleUrl>
           <LineString>
               <coordinates>
                   6.109444444444444,46.23833333333334,0
                   2.0832941,41.297445,0
               </coordinates>
           </LineString>
       </Placemark>
       <Placemark>
           <name>HALYG</name>
           <styleUrl>#SchengenLine</styleUrl>
           <LineString>
               <coordinates>
                   19.08,50.47416666666667,0
                   2.0832941,41.297445,0
               </coordinates>
           </LineString>
       </Placemark>
       <Placemark>
           <name>GEZBU</name>
           <styleUrl>#NoSchengenLine</styleUrl>
           <LineString>
               <coordinates>
                   0.6933333333333334,51.57027777777778,0
                   2.0832941,41.297445,0
               </coordinates>
           </LineString>
       </Placemark>
       <Placemark>
           <name>OHLZB</name>
           <styleUrl>#SchengenLine</styleUrl>
           <LineString>
               <coordinates>
                   24.96333333333333,60.31722222222223,0
                   2.0832941,41.297445,0
               </coordinates>
           </LineString>
       </Placemark>
       <Placemark>
           <name>GEUYC</name>
           <styleUrl>#NoSchengenLine</styleUrl>
           <LineString>
               <coordinates>
                   -0.4613888888888889,51.4775,0
                   2.0832941,41.297445,0
               </coordinates>
           </LineString>
       </Placemark>
       <Placemark>
           <name>HBJYE</name>
           <styleUrl>#SchengenLine</styleUrl>
           <LineString>
               <coordinates>
                   7.529166666666667,47.59,0
                   2.0832941,41.297445,0
               </coordinates>
           </LineString>
       </Placemark>
       <Placemark>
           <name>ECMBK</name>
           <styleUrl>#SchengenLine</styleUrl>
           <LineString>
               <coordinates>
                   1.3730555555555557,38.87277777777778,0
                   2.0832941,41.297445,0
               </coordinates>
           </LineString>
       </Placemark>
       <Placemark>
           <name>A6EEH</name>
           <styleUrl>#NoSchengenLine</styleUrl>
           <LineString>
               <coordinates>
                   55.36,25.249166666666667,0
                   2.0832941,41.297445,0
               </coordinates>
           </LineString>
       </Placemark>
       <Placemark>
           <name>OELEF</name>
           <styleUrl>#SchengenLine</styleUrl>
           <LineString>
               <coordinates>
                   16.56972222222222,48.11027777777778,0
                   2.0832941,41.297445,0
               </coordinates>
           </LineString>
       </Placemark>
       <Placemark>
           <name>OOSSK</name>
           <styleUrl>#SchengenLine</styleUrl>
           <LineString>
               <coordinates>
                   4.484444444444445,50.90138888888889,0
                   2.0832941,41.297445,0
               </coordinates>
           </LineString>
       </Placemark>
       <Placemark>
           <name>ECLML</name>
           <styleUrl>#SchengenLine</styleUrl>
           <LineString>
               <coordinates>
                   5.0811111111111105,45.72555555555556,0
                   2.0832941,41.297445,0
               </coordinates>
           </LineString>
       </Placemark>
       <Placemark>
           <name>EIEFI</name>
           <styleUrl>#NoSchengenLine</styleUrl>
           <LineString>
               <coordinates>
                   -6.27,53.421388888888885,0
                   2.0832941,41.297445,0
               </coordinates>
           </LineString>
       </Placemark>
       <Placemark>
           <name>HBIJQ</name>
           <styleUrl>#SchengenLine</styleUrl>
           <LineString>
               <coordinates>
                   6.109444444444444,46.23833333333334,0
                   2.0832941,41.297445,0
               </coordinates>
           </LineString>
       </Placemark>
       <Placemark>
           <name>GEZFY</name>
           <styleUrl>#NoSchengenLine</styleUrl>
           <LineString>
               <coordinates>
                   -1.6897222222222223,55.03805555555555,0
                   2.0832941,41.297445,0
               </coordinates>
           </LineString>
       </Placemark>
       <Placemark>
           <name>CSTRN</name>
           <styleUrl>#SchengenLine</styleUrl>
           <LineString>
               <coordinates>
                   17.91861111111111,59.651944444444446,0
                   2.0832941,41.297445,0
               </coordinates>
           </LineString>
       </Placemark>
       <Placemark>
           <name>EIDHB</name>
           <styleUrl>#SchengenLine</styleUrl>
           <LineString>
               <coordinates>
                   -5.898888888888888,37.418055555555554,0
                   2.0832941,41.297445,0
               </coordinates>
           </LineString>
       </Placemark>
       <Placemark>
           <name>FGZHY</name>
           <styleUrl>#SchengenLine</styleUrl>
           <LineString>
               <coordinates>
                   2.3794444444444447,48.723333333333336,0
                   2.0832941,41.297445,0
               </coordinates>
           </LineString>
       </Placemark>
       <Placemark>
           <name>EIDHH</name>
           <styleUrl>#NoSchengenLine</styleUrl>
           <LineString>
               <coordinates>
                   -13.605277777777777,28.945555555555554,0
                   2.0832941,41.297445,0
               </coordinates>
           </LineString>
       </Placemark>
       <Placemark>
           <name>ECJBX</name>
           <styleUrl>#SchengenLine</styleUrl>
           <LineString>
               <coordinates>
                   2.738888888888889,39.55166666666666,0
                   2.0832941,41.297445,0
               </coordinates>
           </LineString>
       </Placemark>
       <Placemark>
           <name>ECLVS</name>
           <styleUrl>#SchengenLine</styleUrl>
           <LineString>
               <coordinates>
                   -4.4991666666666665,36.675,0
                   2.0832941,41.297445,0
               </coordinates>
           </LineString>
       </Placemark>
       <Placemark>
           <name>HALYL</name>
           <styleUrl>#NoSchengenLine</styleUrl>
           <LineString>
               <coordinates>
                   21.62138888888889,41.961666666666666,0
                   2.0832941,41.297445,0
               </coordinates>
           </LineString>
       </Placemark>
       <Placemark>
           <name>EIDWA</name>
           <styleUrl>#NoSchengenLine</styleUrl>
           <LineString>
               <coordinates>
                   -4.594444444444444,55.50944444444445,0
                   2.0832941,41.297445,0
               </coordinates>
           </LineString>
       </Placemark>
       <Placemark>
           <name>ECJPK</name>
           <styleUrl>#SchengenLine</styleUrl>
           <LineString>
               <coordinates>
                   -3.560833333333333,40.47222222222222,0
                   2.0832941,41.297445,0
               </coordinates>
           </LineString>
       </Placemark>
       <Placemark>
           <name>ECLST</name>
           <styleUrl>#SchengenLine</styleUrl>
           <LineString>
               <coordinates>
                   4.2186111111111115,39.862500000000004,0
                   2.0832941,41.297445,0
               </coordinates>
           </LineString>
       </Placemark>
       <Placemark>
           <name>ECLOB</name>
           <styleUrl>#SchengenLine</styleUrl>
           <LineString>
               <coordinates>
                   4.764166666666667,52.308055555555555,0
                   2.0832941,41.297445,0
               </coordinates>
           </LineString>
       </Placemark>
       <Placemark>
           <name>ECJTQ</name>
           <styleUrl>#SchengenLine</styleUrl>
           <LineString>
               <coordinates>
                   -4.851944444444444,41.70611111111111,0
                   2.0832941,41.297445,0
               </coordinates>
           </LineString>
       </Placemark>
       <Placemark>
           <name>GEZFG</name>
           <styleUrl>#NoSchengenLine</styleUrl>
           <LineString>
               <coordinates>
                   -2.8497222222222223,53.33361111111111,0
                   2.0832941,41.297445,0
               </coordinates>
           </LineString>
       </Placemark>
       <Placemark>
           <name>EIDLH</name>
           <styleUrl>#NoSchengenLine</styleUrl>
           <LineString>
               <coordinates>
                   -15.386666666666667,27.931944444444447,0
                   2.0832941,41.297445,0
               </coordinates>
           </LineString>
       </Placemark>
       <Placemark>
           <name>ECJGM</name>
           <styleUrl>#SchengenLine</styleUrl>
           <LineString>
               <coordinates>
                   -3.560833333333333,40.47222222222222,0
                   2.0832941,41.297445,0
               </coordinates>
           </LineString>
       </Placemark>
       <Placemark>
           <name>CSTTN</name>
           <styleUrl>#SchengenLine</styleUrl>
           <LineString>
               <coordinates>
                   -9.134166666666665,38.774166666666666,0
                   2.0832941,41.297445,0
               </coordinates>
           </LineString>
       </Placemark>
       <Placemark>
           <name>HALYO</name>
           <styleUrl>#NoSchengenLine</styleUrl>
           <LineString>
               <coordinates>
                   23.40833333333333,42.69499999999999,0
                   2.0832941,41.297445,0
               </coordinates>
           </LineString>
       </Placemark>
       <Placemark>
           <name>ECLZO</name>
           <styleUrl>#SchengenLine</styleUrl>
           <LineString>
               <coordinates>
                   12.65611111111111,55.61805555555556,0
                   2.0832941,41.297445,0
               </coordinates>
           </LineString>
       </Placemark>
       <Placemark>
           <name>N900AL</name>
           <styleUrl>#NoSchengenLine</styleUrl>
           <LineString>
               <coordinates>
                   39.20333333333333,-6.875555555555556,0
                   2.0832941,41.297445,0
               </coordinates>
           </LineString>
       </Placemark>
       <Placemark>
           <name>DAIRB</name>
           <styleUrl>#SchengenLine</styleUrl>
           <LineString>
               <coordinates>
                   11.786111111111111,48.35388888888889,0
                   2.0832941,41.297445,0
               </coordinates>
           </LineString>
       </Placemark>
       <Placemark>
           <name>GEZIZ</name>
           <styleUrl>#SchengenLine</styleUrl>
           <LineString>
               <coordinates>
                   8.723055555555556,45.63,0
                   2.0832941,41.297445,0
               </coordinates>
           </LineString>
       </Placemark>
       <Placemark>
           <name>ECMKT</name>
           <styleUrl>#SchengenLine</styleUrl>
           <LineString>
               <coordinates>
                   24.96333333333333,60.31722222222223,0
                   2.0832941,41.297445,0
               </coordinates>
           </LineString>
       </Placemark>
       <Placemark>
           <name>EIFIN</name>
           <styleUrl>#NoSchengenLine</styleUrl>
           <LineString>
               <coordinates>
                   -2.275,53.35388888888889,0
                   2.0832941,41.297445,0
               </coordinates>
           </LineString>
       </Placemark>
       <Placemark>
           <name>ECMJZ</name>
           <styleUrl>#SchengenLine</styleUrl>
           <LineString>
               <coordinates>
                   -5.6561111111111115,42.58861111111111,0
                   2.0832941,41.297445,0
               </coordinates>
           </LineString>
       </Placemark>
       <Placemark>
           <name>ECMBT</name>
           <styleUrl>#SchengenLine</styleUrl>
           <LineString>
               <coordinates>
                   -6.034722222222222,43.56361111111111,0
                   2.0832941,41.297445,0
               </coordinates>
           </LineString>
       </Placemark>
       <Placemark>
           <name>ECKHN</name>
           <styleUrl>#SchengenLine</styleUrl>
           <LineString>
               <coordinates>
                   2.3794444444444447,48.723333333333336,0
                   2.0832941,41.297445,0
               </coordinates>
           </LineString>
       </Placemark>
       <Placemark>
           <name>EIENG</name>
           <styleUrl>#SchengenLine</styleUrl>
           <LineString>
               <coordinates>
                   11.296944444444444,44.530833333333334,0
                   2.0832941,41.297445,0
               </coordinates>
           </LineString>
       </Placemark>
       <Placemark>
           <name>GDBCI</name>
           <styleUrl>#NoSchengenLine</styleUrl>
           <LineString>
               <coordinates>
                   -0.19027777777777777,51.14805555555556,0
                   2.0832941,41.297445,0
               </coordinates>
           </LineString>
       </Placemark>
       <Placemark>
           <name>EIFHS</name>
           <styleUrl>#SchengenLine</styleUrl>
           <LineString>
               <coordinates>
                   11.08388888888889,60.20277777777778,0
                   2.0832941,41.297445,0
               </coordinates>
           </LineString>
       </Placemark>
       <Placemark>
           <name>GEZIK</name>
           <styleUrl>#NoSchengenLine</styleUrl>
           <LineString>
               <coordinates>
                   -2.7191666666666667,51.382777777777775,0
                   2.0832941,41.297445,0
               </coordinates>
           </LineString>
       </Placemark>
       <Placemark>
           <name>ECMBS</name>
           <styleUrl>#SchengenLine</styleUrl>
           <LineString>
               <coordinates>
                   -5.898888888888888,37.418055555555554,0
                   2.0832941,41.297445,0
               </coordinates>
           </LineString>
       </Placemark>
       <Placemark>
           <name>EIENL</name>
           <styleUrl>#SchengenLine</styleUrl>
           <LineString>
               <coordinates>
                   -6.06,36.74472222222222,0
                   2.0832941,41.297445,0
               </coordinates>
           </LineString>
       </Placemark>
       <Placemark>
           <name>ECLXV</name>
           <styleUrl>#SchengenLine</styleUrl>
           <LineString>
               <coordinates>
                   2.738888888888889,39.55166666666666,0
                   2.0832941,41.297445,0
               </coordinates>
           </LineString>
       </Placemark>
       <Placemark>
           <name>ECLGV</name>
           <styleUrl>#SchengenLine</styleUrl>
           <LineString>
               <coordinates>
                   -3.560833333333333,40.47222222222222,0
                   2.0832941,41.297445,0
               </coordinates>
           </LineString>
       </Placemark>
       <Placemark>
           <name>LYVEO</name>
           <styleUrl>#SchengenLine</styleUrl>
           <LineString>
               <coordinates>
                   2.5477777777777777,49.00972222222222,0
                   2.0832941,41.297445,0
               </coordinates>
           </LineString>
       </Placemark>
       <Placemark>
           <name>N327UP</name>
           <styleUrl>#SchengenLine</styleUrl>
           <LineString>
               <coordinates>
                   -0.4816666666666667,39.489444444444445,0
                   2.0832941,41.297445,0
               </coordinates>
           </LineString>
       </Placemark>
       <Placemark>
           <name>EIDLC</name>
           <styleUrl>#SchengenLine</styleUrl>
           <LineString>
               <coordinates>
                   -8.678055555555554,41.23555555555556,0
                   2.0832941,41.297445,0
               </coordinates>
           </LineString>
       </Placemark>
       <Placemark>
           <name>EIDPG</name>
           <styleUrl>#SchengenLine</styleUrl>
           <LineString>
               <coordinates>
                   2.738888888888889,39.55166666666666,0
                   2.0832941,41.297445,0
               </coordinates>
           </LineString>
       </Placemark>
       <Placemark>
           <name>ECJFN</name>
           <styleUrl>#SchengenLine</styleUrl>
           <LineString>
               <coordinates>
                   -3.560833333333333,40.47222222222222,0
                   2.0832941,41.297445,0
               </coordinates>
           </LineString>
       </Placemark>
       <Placemark>
           <name>ECLQL</name>
           <styleUrl>#NoSchengenLine</styleUrl>
           <LineString>
               <coordinates>
                   -0.4613888888888889,51.4775,0
                   2.0832941,41.297445,0
               </coordinates>
           </LineString>
       </Placemark>
       <Placemark>
           <name>EIDEE</name>
           <styleUrl>#NoSchengenLine</styleUrl>
           <LineString>
               <coordinates>
                   -6.27,53.421388888888885,0
                   2.0832941,41.297445,0
               </coordinates>
           </LineString>
       </Placemark>
       <Placemark>
           <name>ECLVA</name>
           <styleUrl>#SchengenLine</styleUrl>
           <LineString>
               <coordinates>
                   12.238888888888889,41.80027777777777,0
                   2.0832941,41.297445,0
               </coordinates>
           </LineString>
       </Placemark>
       <Placemark>
           <name>ECMGF</name>
           <styleUrl>#SchengenLine</styleUrl>
           <LineString>
               <coordinates>
                   8.570555555555556,50.03333333333333,0
                   2.0832941,41.297445,0
               </coordinates>
           </LineString>
       </Placemark>
       <Placemark>
           <name>CNNMH</name>
           <styleUrl>#NoSchengenLine</styleUrl>
           <LineString>
               <coordinates>
                   -5.921111111111111,35.73166666666667,0
                   2.0832941,41.297445,0
               </coordinates>
           </LineString>
       </Placemark>
       <Placemark>
           <name>ECMKM</name>
           <styleUrl>#SchengenLine</styleUrl>
           <LineString>
               <coordinates>
                   -8.678055555555554,41.23555555555556,0
                   2.0832941,41.297445,0
               </coordinates>
           </LineString>
       </Placemark>
       <Placemark>
           <name>ECLUN</name>
           <styleUrl>#SchengenLine</styleUrl>
           <LineString>
               <coordinates>
                   -2.9105555555555553,43.301111111111105,0
                   2.0832941,41.297445,0
               </coordinates>
           </LineString>
       </Placemark>
       <Placemark>
           <name>ERAXP</name>
           <styleUrl>#NoSchengenLine</styleUrl>
           <LineString>
               <coordinates>
                   28.930833333333336,46.92777777777778,0
                   2.0832941,41.297445,0
               </coordinates>
           </LineString>
       </Placemark>
       <Placemark>
           <name>ECMLE</name>
           <styleUrl>#SchengenLine</styleUrl>
           <LineString>
               <coordinates>
                   4.2186111111111115,39.862500000000004,0
                   2.0832941,41.297445,0
               </coordinates>
           </LineString>
       </Placemark>
       <Placemark>
           <name>EIFJL</name>
           <styleUrl>#SchengenLine</styleUrl>
           <LineString>
               <coordinates>
                   9.151666666666667,55.74027777777778,0
                   2.0832941,41.297445,0
               </coordinates>
           </LineString>
       </Placemark>
       <Placemark>
           <name>ECKMI</name>
           <styleUrl>#SchengenLine</styleUrl>
           <LineString>
               <coordinates>
                   -3.560833333333333,40.47222222222222,0
                   2.0832941,41.297445,0
               </coordinates>
           </LineString>
       </Placemark>
       <Placemark>
           <name>GEZUM</name>
           <styleUrl>#SchengenLine</styleUrl>
           <LineString>
               <coordinates>
                   5.0811111111111105,45.72555555555556,0
                   2.0832941,41.297445,0
               </coordinates>
           </LineString>
       </Placemark>
       <Placemark>
           <name>HBION</name>
           <styleUrl>#SchengenLine</styleUrl>
           <LineString>
               <coordinates>
                   8.548055555555555,47.45805555555556,0
                   2.0832941,41.297445,0
               </coordinates>
           </LineString>
       </Placemark>
       <Placemark>
           <name>ECLZF</name>
           <styleUrl>#SchengenLine</styleUrl>
           <LineString>
               <coordinates>
                   -0.5580555555555556,38.282222222222224,0
                   2.0832941,41.297445,0
               </coordinates>
           </LineString>
       </Placemark>
       <Placemark>
           <name>TCICT</name>
           <styleUrl>#SchengenLine</styleUrl>
           <LineString>
               <coordinates>
                   1.3730555555555557,38.87277777777778,0
                   2.0832941,41.297445,0
               </coordinates>
           </LineString>
       </Placemark>
       <Placemark>
           <name>ECLAA</name>
           <styleUrl>#SchengenLine</styleUrl>
           <LineString>
               <coordinates>
                   -8.415277777777778,42.896388888888886,0
                   2.0832941,41.297445,0
               </coordinates>
           </LineString>
       </Placemark>
       <Placemark>
           <name>EIFJK</name>
           <styleUrl>#NoSchengenLine</styleUrl>
           <LineString>
               <coordinates>
                   -0.19027777777777777,51.14805555555556,0
                   2.0832941,41.297445,0
               </coordinates>
           </LineString>
       </Placemark>
       <Placemark>
           <name>YRBGA</name>
           <styleUrl>#NoSchengenLine</styleUrl>
           <LineString>
               <coordinates>
                   26.084999999999997,44.571111111111115,0
                   2.0832941,41.297445,0
               </coordinates>
           </LineString>
       </Placemark>
       <Placemark>
           <name>TCJRF</name>
           <styleUrl>#NoSchengenLine</styleUrl>
           <LineString>
               <coordinates>
                   28.81416666666667,40.976111111111116,0
                   2.0832941,41.297445,0
               </coordinates>
           </LineString>
       </Placemark>
       <Placemark>
           <name>DCALL</name>
           <styleUrl>#SchengenLine</styleUrl>
           <LineString>
               <coordinates>
                   9.056111111111111,39.24722222222222,0
                   2.0832941,41.297445,0
               </coordinates>
           </LineString>
       </Placemark>
       <Placemark>
           <name>ECLRY</name>
           <styleUrl>#SchengenLine</styleUrl>
           <LineString>
               <coordinates>
                   11.786111111111111,48.35388888888889,0
                   2.0832941,41.297445,0
               </coordinates>
           </LineString>
       </Placemark>
       <Placemark>
           <name>ECKCU</name>
           <styleUrl>#SchengenLine</styleUrl>
           <LineString>
               <coordinates>
                   12.238888888888889,41.80027777777777,0
                   2.0832941,41.297445,0
               </coordinates>
           </LineString>
       </Placemark>
       <Placemark>
           <name>EIDAM</name>
           <styleUrl>#NoSchengenLine</styleUrl>
           <LineString>
               <coordinates>
                   -6.27,53.421388888888885,0
                   2.0832941,41.297445,0
               </coordinates>
           </LineString>
       </Placemark>
       <Placemark>
           <name>ECMIR</name>
           <styleUrl>#SchengenLine</styleUrl>
           <LineString>
               <coordinates>
                   11.202777777777778,43.808611111111105,0
                   2.0832941,41.297445,0
               </coordinates>
           </LineString>
       </Placemark>
       <Placemark>
           <name>PHBXK</name>
           <styleUrl>#SchengenLine</styleUrl>
           <LineString>
               <coordinates>
                   4.764166666666667,52.308055555555555,0
                   2.0832941,41.297445,0
               </coordinates>
           </LineString>
       </Placemark>
       <Placemark>
           <name>EIENO</name>
           <styleUrl>#SchengenLine</styleUrl>
           <LineString>
               <coordinates>
                   19.261944444444445,47.43944444444444,0
                   2.0832941,41.297445,0
               </coordinates>
           </LineString>
       </Placemark>
       <Placemark>
           <name>GEUUG</name>
           <styleUrl>#NoSchengenLine</styleUrl>
           <LineString>
               <coordinates>
                   -0.4613888888888889,51.4775,0
                   2.0832941,41.297445,0
               </coordinates>
           </LineString>
       </Placemark>
       <Placemark>
           <name>ECHHA</name>
           <styleUrl>#SchengenLine</styleUrl>
           <LineString>
               <coordinates>
                   8.548055555555555,47.45805555555556,0
                   2.0832941,41.297445,0
               </coordinates>
           </LineString>
       </Placemark>
       <Placemark>
           <name>ECMHB</name>
           <styleUrl>#NoSchengenLine</styleUrl>
           <LineString>
               <coordinates>
                   -0.19027777777777777,51.14805555555556,0
                   2.0832941,41.297445,0
               </coordinates>
           </LineString>
       </Placemark>
       <Placemark>
           <name>ECMFL</name>
           <styleUrl>#SchengenLine</styleUrl>
           <LineString>
               <coordinates>
                   2.3794444444444447,48.723333333333336,0
                   2.0832941,41.297445,0
               </coordinates>
           </LineString>
       </Placemark>
       <Placemark>
           <name>ECLVP</name>
           <styleUrl>#SchengenLine</styleUrl>
           <LineString>
               <coordinates>
                   -3.560833333333333,40.47222222222222,0
                   2.0832941,41.297445,0
               </coordinates>
           </LineString>
       </Placemark>
       <Placemark>
           <name>ECLUT</name>
           <styleUrl>#SchengenLine</styleUrl>
           <LineString>
               <coordinates>
                   4.2186111111111115,39.862500000000004,0
                   2.0832941,41.297445,0
               </coordinates>
           </LineString>
       </Placemark>
       <Placemark>
           <name>ECJFF</name>
           <styleUrl>#NoSchengenLine</styleUrl>
           <LineString>
               <coordinates>
                   18.26833333333333,42.561388888888885,0
                   2.0832941,41.297445,0
               </coordinates>
           </LineString>
       </Placemark>
       <Placemark>
           <name>ECLZE</name>
           <styleUrl>#SchengenLine</styleUrl>
           <LineString>
               <coordinates>
                   -4.4991666666666665,36.675,0
                   2.0832941,41.297445,0
               </coordinates>
           </LineString>
       </Placemark>
       <Placemark>
           <name>FGKXR</name>
           <styleUrl>#SchengenLine</styleUrl>
           <LineString>
               <coordinates>
                   2.5477777777777777,49.00972222222222,0
                   2.0832941,41.297445,0
               </coordinates>
           </LineString>
       </Placemark>
       <Placemark>
           <name>ECLRG</name>
           <styleUrl>#SchengenLine</styleUrl>
           <LineString>
               <coordinates>
                   2.738888888888889,39.55166666666666,0
                   2.0832941,41.297445,0
               </coordinates>
           </LineString>
       </Placemark>
       <Placemark>
           <name>DAISG</name>
           <styleUrl>#SchengenLine</styleUrl>
           <LineString>
               <coordinates>
                   8.570555555555556,50.03333333333333,0
                   2.0832941,41.297445,0
               </coordinates>
           </LineString>
       </Placemark>
       <Placemark>
           <name>EIEIB</name>
           <styleUrl>#SchengenLine</styleUrl>
           <LineString>
               <coordinates>
                   12.238888888888889,41.80027777777777,0
                   2.0832941,41.297445,0
               </coordinates>
           </LineString>
       </Placemark>
       <Placemark>
           <name>EIFJN</name>
           <styleUrl>#SchengenLine</styleUrl>
           <LineString>
               <coordinates>
                   11.08388888888889,60.20277777777778,0
                   2.0832941,41.297445,0
               </coordinates>
           </LineString>
       </Placemark>
       <Placemark>
           <name>EIEPG</name>
           <styleUrl>#SchengenLine</styleUrl>
           <LineString>
               <coordinates>
                   2.112777777777778,49.45444444444445,0
                   2.0832941,41.297445,0
               </coordinates>
           </LineString>
       </Placemark>
       <Placemark>
           <name>ECMKX</name>
           <styleUrl>#SchengenLine</styleUrl>
           <LineString>
               <coordinates>
                   6.7572222222222225,51.280833333333334,0
                   2.0832941,41.297445,0
               </coordinates>
           </LineString>
       </Placemark>
       <Placemark>
           <name>VPBZA</name>
           <styleUrl>#NoSchengenLine</styleUrl>
           <LineString>
               <coordinates>
                   37.41305555555555,55.972500000000004,0
                   2.0832941,41.297445,0
               </coordinates>
           </LineString>
       </Placemark>
       <Placemark>
           <name>EIFJM</name>
           <styleUrl>#SchengenLine</styleUrl>
           <LineString>
               <coordinates>
                   12.65611111111111,55.61805555555556,0
                   2.0832941,41.297445,0
               </coordinates>
           </LineString>
       </Placemark>
       <Placemark>
           <name>ECLZN</name>
           <styleUrl>#SchengenLine</styleUrl>
           <LineString>
               <coordinates>
                   14.26,50.100833333333334,0
                   2.0832941,41.297445,0
               </coordinates>
           </LineString>
       </Placemark>
       <Placemark>
           <name>ECLQK</name>
           <styleUrl>#NoSchengenLine</styleUrl>
           <LineString>
               <coordinates>
                   -6.27,53.421388888888885,0
                   2.0832941,41.297445,0
               </coordinates>
           </LineString>
       </Placemark>
       <Placemark>
           <name>ECLZS</name>
           <styleUrl>#SchengenLine</styleUrl>
           <LineString>
               <coordinates>
                   9.517777777777779,40.89861111111111,0
                   2.0832941,41.297445,0
               </coordinates>
           </LineString>
       </Placemark>
       <Placemark>
           <name>ECHTD</name>
           <styleUrl>#SchengenLine</styleUrl>
           <LineString>
               <coordinates>
                   1.3730555555555557,38.87277777777778,0
                   2.0832941,41.297445,0
               </coordinates>
           </LineString>
       </Placemark>
       <Placemark>
           <name>ECLML</name>
           <styleUrl>#SchengenLine</styleUrl>
           <LineString>
               <coordinates>
                   4.2186111111111115,39.862500000000004,0
                   2.0832941,41.297445,0
               </coordinates>
           </LineString>
       </Placemark>
       <Placemark>
           <name>ECMGE</name>
           <styleUrl>#NoSchengenLine</styleUrl>
           <LineString>
               <coordinates>
                   -0.3683333333333333,51.874722222222225,0
                   2.0832941,41.297445,0
               </coordinates>
           </LineString>
       </Placemark>
       <Placemark>
           <name>ECMGY</name>
           <styleUrl>#SchengenLine</styleUrl>
           <LineString>
               <coordinates>
                   -3.777222222222222,37.18861111111111,0
                   2.0832941,41.297445,0
               </coordinates>
           </LineString>
       </Placemark>
       <Placemark>
           <name>EIDHX</name>
           <styleUrl>#SchengenLine</styleUrl>
           <LineString>
               <coordinates>
                   9.700277777777776,45.66888888888889,0
                   2.0832941,41.297445,0
               </coordinates>
           </LineString>
       </Placemark>
       <Placemark>
           <name>ECLRM</name>
           <styleUrl>#SchengenLine</styleUrl>
           <LineString>
               <coordinates>
                   11.296944444444444,44.530833333333334,0
                   2.0832941,41.297445,0
               </coordinates>
           </LineString>
       </Placemark>
       <Placemark>
           <name>ECHFK</name>
           <styleUrl>#SchengenLine</styleUrl>
           <LineString>
               <coordinates>
                   2.738888888888889,39.55166666666666,0
                   2.0832941,41.297445,0
               </coordinates>
           </LineString>
       </Placemark>
       <Placemark>
           <name>EIDAE</name>
           <styleUrl>#SchengenLine</styleUrl>
           <LineString>
               <coordinates>
                   1.3730555555555557,38.87277777777778,0
                   2.0832941,41.297445,0
               </coordinates>
           </LineString>
       </Placemark>
       <Placemark>
           <name>CSTTS</name>
           <styleUrl>#SchengenLine</styleUrl>
           <LineString>
               <coordinates>
                   -9.134166666666665,38.774166666666666,0
                   2.0832941,41.297445,0
               </coordinates>
           </LineString>
       </Placemark>
       <Placemark>
           <name>EIFIY</name>
           <styleUrl>#SchengenLine</styleUrl>
           <LineString>
               <coordinates>
                   12.197777777777778,45.65083333333333,0
                   2.0832941,41.297445,0
               </coordinates>
           </LineString>
       </Placemark>
       <Placemark>
           <name>EIDCJ</name>
           <styleUrl>#SchengenLine</styleUrl>
           <LineString>
               <coordinates>
                   13.500555555555556,52.36222222222222,0
                   2.0832941,41.297445,0
               </coordinates>
           </LineString>
       </Placemark>
       <Placemark>
           <name>ECLVO</name>
           <styleUrl>#SchengenLine</styleUrl>
           <LineString>
               <coordinates>
                   -8.377222222222223,43.301944444444445,0
                   2.0832941,41.297445,0
               </coordinates>
           </LineString>
       </Placemark>
       <Placemark>
           <name>ECLVB</name>
           <styleUrl>#SchengenLine</styleUrl>
           <LineString>
               <coordinates>
                   -9.134166666666665,38.774166666666666,0
                   2.0832941,41.297445,0
               </coordinates>
           </LineString>
       </Placemark>
       <Placemark>
           <name>SXABE</name>
           <styleUrl>#SchengenLine</styleUrl>
           <LineString>
               <coordinates>
                   4.484444444444445,50.90138888888889,0
                   2.0832941,41.297445,0
               </coordinates>
           </LineString>
       </Placemark>
       <Placemark>
           <name>ECMEQ</name>
           <styleUrl>#SchengenLine</styleUrl>
           <LineString>
               <coordinates>
                   2.3794444444444447,48.723333333333336,0
                   2.0832941,41.297445,0
               </coordinates>
           </LineString>
       </Placemark>
       <Placemark>
           <name>EIDWK</name>
           <styleUrl>#SchengenLine</styleUrl>
           <LineString>
               <coordinates>
                   12.238888888888889,41.80027777777777,0
                   2.0832941,41.297445,0
               </coordinates>
           </LineString>
       </Placemark>
       <Placemark>
           <name>ECMJR</name>
           <styleUrl>#SchengenLine</styleUrl>
           <LineString>
               <coordinates>
                   8.723055555555556,45.63,0
                   2.0832941,41.297445,0
               </coordinates>
           </LineString>
       </Placemark>
       <Placemark>
           <name>ECMFK</name>
           <styleUrl>#SchengenLine</styleUrl>
           <LineString>
               <coordinates>
                   4.2186111111111115,39.862500000000004,0
                   2.0832941,41.297445,0
               </coordinates>
           </LineString>
       </Placemark>
       <Placemark>
           <name>ECMLM</name>
           <styleUrl>#SchengenLine</styleUrl>
           <LineString>
               <coordinates>
                   -8.627500000000001,42.22916666666667,0
                   2.0832941,41.297445,0
               </coordinates>
           </LineString>
       </Placemark>
       <Placemark>
           <name>VPBRI</name>
           <styleUrl>#NoSchengenLine</styleUrl>
           <LineString>
               <coordinates>
                   37.906388888888884,55.40861111111111,0
                   2.0832941,41.297445,0
               </coordinates>
           </LineString>
       </Placemark>
       <Placemark>
           <name>ECMEA</name>
           <styleUrl>#SchengenLine</styleUrl>
           <LineString>
               <coordinates>
                   -5.898888888888888,37.418055555555554,0
                   2.0832941,41.297445,0
               </coordinates>
           </LineString>
       </Placemark>
       <Placemark>
           <name>ECJTR</name>
           <styleUrl>#SchengenLine</styleUrl>
           <LineString>
               <coordinates>
                   2.738888888888889,39.55166666666666,0
                   2.0832941,41.297445,0
               </coordinates>
           </LineString>
       </Placemark>
       <Placemark>
           <name>GEZTA</name>
           <styleUrl>#SchengenLine</styleUrl>
           <LineString>
               <coordinates>
                   2.5477777777777777,49.00972222222222,0
                   2.0832941,41.297445,0
               </coordinates>
           </LineString>
       </Placemark>
       <Placemark>
           <name>ECLSA</name>
           <styleUrl>#SchengenLine</styleUrl>
           <LineString>
               <coordinates>
                   -8.678055555555554,41.23555555555556,0
                   2.0832941,41.297445,0
               </coordinates>
           </LineString>
       </Placemark>
       <Placemark>
           <name>ECMGZ</name>
           <styleUrl>#SchengenLine</styleUrl>
           <LineString>
               <coordinates>
                   4.764166666666667,52.308055555555555,0
                   2.0832941,41.297445,0
               </coordinates>
           </LineString>
       </Placemark>
       <Placemark>
           <name>SXDVV</name>
           <styleUrl>#SchengenLine</styleUrl>
           <LineString>
               <coordinates>
                   23.944444444444446,37.93666666666666,0
                   2.0832941,41.297445,0
               </coordinates>
           </LineString>
       </Placemark>
       <Placemark>
           <name>ECMKV</name>
           <styleUrl>#SchengenLine</styleUrl>
           <LineString>
               <coordinates>
                   10.395555555555555,43.68277777777777,0
                   2.0832941,41.297445,0
               </coordinates>
           </LineString>
       </Placemark>
       <Placemark>
           <name>ECJYX</name>
           <styleUrl>#SchengenLine</styleUrl>
           <LineString>
               <coordinates>
                   10.887777777777778,45.396388888888886,0
                   2.0832941,41.297445,0
               </coordinates>
           </LineString>
       </Placemark>
       <Placemark>
           <name>EIDHT</name>
           <styleUrl>#NoSchengenLine</styleUrl>
           <LineString>
               <coordinates>
                   0.23500000000000001,51.885,0
                   2.0832941,41.297445,0
               </coordinates>
           </LineString>
       </Placemark>
       <Placemark>
           <name>OYRUP</name>
           <styleUrl>#NoSchengenLine</styleUrl>
           <LineString>
               <coordinates>
                   -15.386666666666667,27.931944444444447,0
                   2.0832941,41.297445,0
               </coordinates>
           </LineString>
       </Placemark>
       <Placemark>
           <name>GEZWZ</name>
           <styleUrl>#NoSchengenLine</styleUrl>
           <LineString>
               <coordinates>
                   -0.19027777777777777,51.14805555555556,0
                   2.0832941,41.297445,0
               </coordinates>
           </LineString>
       </Placemark>
       <Placemark>
           <name>LYVEV</name>
           <styleUrl>#SchengenLine</styleUrl>
           <LineString>
               <coordinates>
                   12.351944444444444,45.50527777777778,0
                   2.0832941,41.297445,0
               </coordinates>
           </LineString>
       </Placemark>
       <Placemark>
           <name>EIDHG</name>
           <styleUrl>#SchengenLine</styleUrl>
           <LineString>
               <coordinates>
                   7.142777777777778,50.865833333333335,0
                   2.0832941,41.297445,0
               </coordinates>
           </LineString>
       </Placemark>
       <Placemark>
           <name>ECLZZ</name>
           <styleUrl>#NoSchengenLine</styleUrl>
           <LineString>
               <coordinates>
                   -0.19027777777777777,51.14805555555556,0
                   2.0832941,41.297445,0
               </coordinates>
           </LineString>
       </Placemark>
       <Placemark>
           <name>ECMBK</name>
           <styleUrl>#SchengenLine</styleUrl>
           <LineString>
               <coordinates>
                   9.056111111111111,39.24722222222222,0
                   2.0832941,41.297445,0
               </coordinates>
           </LineString>
       </Placemark>
       <Placemark>
           <name>GEZDJ</name>
           <styleUrl>#NoSchengenLine</styleUrl>
           <LineString>
               <coordinates>
                   -0.3683333333333333,51.874722222222225,0
                   2.0832941,41.297445,0
               </coordinates>
           </LineString>
       </Placemark>
       <Placemark>
           <name>ECKHN</name>
           <styleUrl>#SchengenLine</styleUrl>
           <LineString>
               <coordinates>
                   4.2186111111111115,39.862500000000004,0
                   2.0832941,41.297445,0
               </coordinates>
           </LineString>
       </Placemark>
       <Placemark>
           <name>ECLZO</name>
           <styleUrl>#SchengenLine</styleUrl>
           <LineString>
               <coordinates>
                   1.3730555555555557,38.87277777777778,0
                   2.0832941,41.297445,0
               </coordinates>
           </LineString>
       </Placemark>
       <Placemark>
           <name>ECHQI</name>
           <styleUrl>#SchengenLine</styleUrl>
           <LineString>
               <coordinates>
                   7.215,43.665277777777774,0
                   2.0832941,41.297445,0
               </coordinates>
           </LineString>
       </Placemark>
       <Placemark>
           <name>ECMLD</name>
           <styleUrl>#NoSchengenLine</styleUrl>
           <LineString>
               <coordinates>
                   -2.275,53.35388888888889,0
                   2.0832941,41.297445,0
               </coordinates>
           </LineString>
       </Placemark>
       <Placemark>
           <name>ECLTG</name>
           <styleUrl>#SchengenLine</styleUrl>
           <LineString>
               <coordinates>
                   -0.002777777777777778,43.18555555555555,0
                   2.0832941,41.297445,0
               </coordinates>
           </LineString>
       </Placemark>
       <Placemark>
           <name>ECHQJ</name>
           <styleUrl>#SchengenLine</styleUrl>
           <LineString>
               <coordinates>
                   1.3730555555555557,38.87277777777778,0
                   2.0832941,41.297445,0
               </coordinates>
           </LineString>
       </Placemark>
       <Placemark>
           <name>ECMKV</name>
           <styleUrl>#NoSchengenLine</styleUrl>
           <LineString>
               <coordinates>
                   20.306944444444444,44.81944444444445,0
                   2.0832941,41.297445,0
               </coordinates>
           </LineString>
       </Placemark>
       <Placemark>
           <name>ECJGM</name>
           <styleUrl>#NoSchengenLine</styleUrl>
           <LineString>
               <coordinates>
                   -2.275,53.35388888888889,0
                   2.0832941,41.297445,0
               </coordinates>
           </LineString>
       </Placemark>
       <Placemark>
           <name>ECLOB</name>
           <styleUrl>#SchengenLine</styleUrl>
           <LineString>
               <coordinates>
                   14.477500000000001,35.8575,0
                   2.0832941,41.297445,0
               </coordinates>
           </LineString>
       </Placemark>
       <Placemark>
           <name>ECLVC</name>
           <styleUrl>#SchengenLine</styleUrl>
           <LineString>
               <coordinates>
                   22.97083333333333,40.51972222222222,0
                   2.0832941,41.297445,0
               </coordinates>
           </LineString>
       </Placemark>
       <Placemark>
           <name>DALEC</name>
           <styleUrl>#SchengenLine</styleUrl>
           <LineString>
               <coordinates>
                   4.484444444444445,50.90138888888889,0
                   2.0832941,41.297445,0
               </coordinates>
           </LineString>
       </Placemark>
       <Placemark>
           <name>N327UP</name>
           <styleUrl>#SchengenLine</styleUrl>
           <LineString>
               <coordinates>
                   7.142777777777778,50.865833333333335,0
                   2.0832941,41.297445,0
               </coordinates>
           </LineString>
       </Placemark>
       <Placemark>
           <name>ECMKN</name>
           <styleUrl>#SchengenLine</styleUrl>
           <LineString>
               <coordinates>
                   25.479166666666664,36.399166666666666,0
                   2.0832941,41.297445,0
               </coordinates>
           </LineString>
       </Placemark>
       <Placemark>
           <name>DALEN</name>
           <styleUrl>#SchengenLine</styleUrl>
           <LineString>
               <coordinates>
                   12.236388888888888,51.42388888888889,0
                   2.0832941,41.297445,0
               </coordinates>
           </LineString>
       </Placemark>
       <Placemark>
           <name>ECMKT</name>
           <styleUrl>#SchengenLine</styleUrl>
           <LineString>
               <coordinates>
                   23.944444444444446,37.93666666666666,0
                   2.0832941,41.297445,0
               </coordinates>
           </LineString>
       </Placemark>
       <Placemark>
           <name>N920FD</name>
           <styleUrl>#SchengenLine</styleUrl>
           <LineString>
               <coordinates>
                   2.5477777777777777,49.00972222222222,0
                   2.0832941,41.297445,0
               </coordinates>
           </LineString>
       </Placemark>
       <Placemark>
           <name>OEIBZ</name>
           <styleUrl>#SchengenLine</styleUrl>
           <LineString>
               <coordinates>
                   5.442777777777778,50.63638888888889,0
                   2.0832941,41.297445,0
               </coordinates>
           </LineString>
       </Placemark>
       <Placemark>
           <name>EIDPG</name>
           <styleUrl>#SchengenLine</styleUrl>
           <LineString>
               <coordinates>
                   2.738888888888889,39.55166666666666,0
                   2.0832941,41.297445,0
               </coordinates>
           </LineString>
       </Placemark>
       <Placemark>
           <name>ECLTG</name>
           <styleUrl>#SchengenLine</styleUrl>
           <LineString>
               <coordinates>
                   2.738888888888889,39.55166666666666,0
                   2.0832941,41.297445,0
               </coordinates>
           </LineString>
       </Placemark>
       <Placemark>
           <name>N761AJ</name>
           <styleUrl>#NoSchengenLine</styleUrl>
           <LineString>
               <coordinates>
                   -73.77833333333334,40.640277777777776,0
                   2.0832941,41.297445,0
               </coordinates>
           </LineString>
       </Placemark>
       <Placemark>
           <name>EIFJP</name>
           <styleUrl>#SchengenLine</styleUrl>
           <LineString>
               <coordinates>
                   2.738888888888889,39.55166666666666,0
                   2.0832941,41.297445,0
               </coordinates>
           </LineString>
       </Placemark>
       <Placemark>
           <name>ECKRH</name>
           <styleUrl>#NoSchengenLine</styleUrl>
           <LineString>
               <coordinates>
                   26.084999999999997,44.571111111111115,0
                   2.0832941,41.297445,0
               </coordinates>
           </LineString>
       </Placemark>
       <Placemark>
           <name>ECLVV</name>
           <styleUrl>#SchengenLine</styleUrl>
           <LineString>
               <coordinates>
                   2.738888888888889,39.55166666666666,0
                   2.0832941,41.297445,0
               </coordinates>
           </LineString>
       </Placemark>
       <Placemark>
           <name>ECLYB</name>
           <styleUrl>#SchengenLine</styleUrl>
           <LineString>
               <coordinates>
                   4.2186111111111115,39.862500000000004,0
                   2.0832941,41.297445,0
               </coordinates>
           </LineString>
       </Placemark>
       <Placemark>
           <name>ECLXV</name>
           <styleUrl>#SchengenLine</styleUrl>
           <LineString>
               <coordinates>
                   2.738888888888889,39.55166666666666,0
                   2.0832941,41.297445,0
               </coordinates>
           </LineString>
       </Placemark>
       <Placemark>
           <name>PHXRD</name>
           <styleUrl>#SchengenLine</styleUrl>
           <LineString>
               <coordinates>
                   4.764166666666667,52.308055555555555,0
                   2.0832941,41.297445,0
               </coordinates>
           </LineString>
       </Placemark>
       <Placemark>
           <name>GRAJG</name>
           <styleUrl>#SchengenLine</styleUrl>
           <LineString>
               <coordinates>
                   2.8622222222222224,51.19888888888889,0
                   2.0832941,41.297445,0
               </coordinates>
           </LineString>
       </Placemark>
       <Placemark>
           <name>GEZWE</name>
           <styleUrl>#SchengenLine</styleUrl>
           <LineString>
               <coordinates>
                   8.723055555555556,45.63,0
                   2.0832941,41.297445,0
               </coordinates>
           </LineString>
       </Placemark>
       <Placemark>
           <name>EIFOG</name>
           <styleUrl>#SchengenLine</styleUrl>
           <LineString>
               <coordinates>
                   -5.898888888888888,37.418055555555554,0
                   2.0832941,41.297445,0
               </coordinates>
           </LineString>
       </Placemark>
       <Placemark>
           <name>DAIQE</name>
           <styleUrl>#SchengenLine</styleUrl>
           <LineString>
               <coordinates>
                   9.221944444444444,48.69,0
                   2.0832941,41.297445,0
               </coordinates>
           </LineString>
       </Placemark>
       <Placemark>
           <name>OOJEM</name>
           <styleUrl>#SchengenLine</styleUrl>
           <LineString>
               <coordinates>
                   4.460277777777778,51.18944444444444,0
                   2.0832941,41.297445,0
               </coordinates>
           </LineString>
       </Placemark>
       <Placemark>
           <name>ECLZZ</name>
           <styleUrl>#NoSchengenLine</styleUrl>
           <LineString>
               <coordinates>
                   39.169999999999995,45.03472222222222,0
                   2.0832941,41.297445,0
               </coordinates>
           </LineString>
       </Placemark>
       <Placemark>
           <name>HALXH</name>
           <styleUrl>#SchengenLine</styleUrl>
           <LineString>
               <coordinates>
                   19.261944444444445,47.43944444444444,0
                   2.0832941,41.297445,0
               </coordinates>
           </LineString>
       </Placemark>
       <Placemark>
           <name>GEZAT</name>
           <styleUrl>#SchengenLine</styleUrl>
           <LineString>
               <coordinates>
                   5.0811111111111105,45.72555555555556,0
                   2.0832941,41.297445,0
               </coordinates>
           </LineString>
       </Placemark>
       <Placemark>
           <name>ECMBS</name>
           <styleUrl>#SchengenLine</styleUrl>
           <LineString>
               <coordinates>
                   -5.898888888888888,37.418055555555554,0
                   2.0832941,41.297445,0
               </coordinates>
           </LineString>
       </Placemark>
       <Placemark>
           <name>ECJYX</name>
           <styleUrl>#SchengenLine</styleUrl>
           <LineString>
               <coordinates>
                   -8.377222222222223,43.301944444444445,0
                   2.0832941,41.297445,0
               </coordinates>
           </LineString>
       </Placemark>
       <Placemark>
           <name>DAEBP</name>
           <styleUrl>#SchengenLine</styleUrl>
           <LineString>
               <coordinates>
                   11.786111111111111,48.35388888888889,0
                   2.0832941,41.297445,0
               </coordinates>
           </LineString>
       </Placemark>
       <Placemark>
           <name>OOSSW</name>
           <styleUrl>#SchengenLine</styleUrl>
           <LineString>
               <coordinates>
                   4.484444444444445,50.90138888888889,0
                   2.0832941,41.297445,0
               </coordinates>
           </LineString>
       </Placemark>
       <Placemark>
           <name>VQBTN</name>
           <styleUrl>#NoSchengenLine</styleUrl>
           <LineString>
               <coordinates>
                   37.41305555555555,55.972500000000004,0
                   2.0832941,41.297445,0
               </coordinates>
           </LineString>
       </Placemark>
       <Placemark>
           <name>OHLZD</name>
           <styleUrl>#SchengenLine</styleUrl>
           <LineString>
               <coordinates>
                   24.96333333333333,60.31722222222223,0
                   2.0832941,41.297445,0
               </coordinates>
           </LineString>
       </Placemark>
       <Placemark>
           <name>DABZA</name>
           <styleUrl>#SchengenLine</styleUrl>
           <LineString>
               <coordinates>
                   6.7572222222222225,51.280833333333334,0
                   2.0832941,41.297445,0
               </coordinates>
           </LineString>
       </Placemark>
       <Placemark>
           <name>N823NW</name>
           <styleUrl>#NoSchengenLine</styleUrl>
           <LineString>
               <coordinates>
                   -84.43333333333334,33.63333333333333,0
                   2.0832941,41.297445,0
               </coordinates>
           </LineString>
       </Placemark>
       <Placemark>
           <name>ECMAH</name>
           <styleUrl>#SchengenLine</styleUrl>
           <LineString>
               <coordinates>
                   12.238888888888889,41.80027777777777,0
                   2.0832941,41.297445,0
               </coordinates>
           </LineString>
       </Placemark>
       <Placemark>
           <name>EIENM</name>
           <styleUrl>#SchengenLine</styleUrl>
           <LineString>
               <coordinates>
                   13.500555555555556,52.36222222222222,0
                   2.0832941,41.297445,0
               </coordinates>
           </LineString>
       </Placemark>
       <Placemark>
           <name>ECMBT</name>
           <styleUrl>#SchengenLine</styleUrl>
           <LineString>
               <coordinates>
                   -6.034722222222222,43.56361111111111,0
                   2.0832941,41.297445,0
               </coordinates>
           </LineString>
       </Placemark>
       <Placemark>
           <name>ECJQZ</name>
           <styleUrl>#SchengenLine</styleUrl>
           <LineString>
               <coordinates>
                   -3.560833333333333,40.47222222222222,0
                   2.0832941,41.297445,0
               </coordinates>
           </LineString>
       </Placemark>
       <Placemark>
           <name>HBIOK</name>
           <styleUrl>#SchengenLine</styleUrl>
           <LineString>
               <coordinates>
                   8.548055555555555,47.45805555555556,0
                   2.0832941,41.297445,0
               </coordinates>
           </LineString>
       </Placemark>
       <Placemark>
           <name>ECMEA</name>
           <styleUrl>#NoSchengenLine</styleUrl>
           <LineString>
               <coordinates>
                   30.2625,59.80027777777777,0
                   2.0832941,41.297445,0
               </coordinates>
           </LineString>
       </Placemark>
       <Placemark>
           <name>ECLZN</name>
           <styleUrl>#SchengenLine</styleUrl>
           <LineString>
               <coordinates>
                   25.34722222222222,37.43722222222222,0
                   2.0832941,41.297445,0
               </coordinates>
           </LineString>
       </Placemark>
       <Placemark>
           <name>ECMLM</name>
           <styleUrl>#SchengenLine</styleUrl>
           <LineString>
               <coordinates>
                   2.3794444444444447,48.723333333333336,0
                   2.0832941,41.297445,0
               </coordinates>
           </LineString>
       </Placemark>
       <Placemark>
           <name>DAGWT</name>
           <styleUrl>#SchengenLine</styleUrl>
           <LineString>
               <coordinates>
                   9.68361111111111,52.46027777777778,0
                   2.0832941,41.297445,0
               </coordinates>
           </LineString>
       </Placemark>
       <Placemark>
           <name>ECJQQ</name>
           <styleUrl>#SchengenLine</styleUrl>
           <LineString>
               <coordinates>
                   -3.560833333333333,40.47222222222222,0
                   2.0832941,41.297445,0
               </coordinates>
           </LineString>
       </Placemark>
       <Placemark>
           <name>PHHSK</name>
           <styleUrl>#SchengenLine</styleUrl>
           <LineString>
               <coordinates>
                   5.374444444444444,51.45,0
                   2.0832941,41.297445,0
               </coordinates>
           </LineString>
       </Placemark>
       <Placemark>
           <name>ECMGE</name>
           <styleUrl>#NoSchengenLine</styleUrl>
           <LineString>
               <coordinates>
                   37.906388888888884,55.40861111111111,0
                   2.0832941,41.297445,0
               </coordinates>
           </LineString>
       </Placemark>
       <Placemark>
           <name>DAIPZ</name>
           <styleUrl>#SchengenLine</styleUrl>
           <LineString>
               <coordinates>
                   6.7572222222222225,51.280833333333334,0
                   2.0832941,41.297445,0
               </coordinates>
           </LineString>
       </Placemark>
       <Placemark>
           <name>GEUUC</name>
           <styleUrl>#NoSchengenLine</styleUrl>
           <LineString>
               <coordinates>
                   -0.4613888888888889,51.4775,0
                   2.0832941,41.297445,0
               </coordinates>
           </LineString>
       </Placemark>
       <Placemark>
           <name>ECMEQ</name>
           <styleUrl>#NoSchengenLine</styleUrl>
           <LineString>
               <coordinates>
                   35.49,33.81916666666667,0
                   2.0832941,41.297445,0
               </coordinates>
           </LineString>
       </Placemark>
       <Placemark>
           <name>EIEKL</name>
           <styleUrl>#SchengenLine</styleUrl>
           <LineString>
               <coordinates>
                   -8.678055555555554,41.23555555555556,0
                   2.0832941,41.297445,0
               </coordinates>
           </LineString>
       </Placemark>
       <Placemark>
           <name>ECLUL</name>
           <styleUrl>#SchengenLine</styleUrl>
           <LineString>
               <coordinates>
                   -3.560833333333333,40.47222222222222,0
                   2.0832941,41.297445,0
               </coordinates>
           </LineString>
       </Placemark>
       <Placemark>
           <name>OELBR</name>
           <styleUrl>#SchengenLine</styleUrl>
           <LineString>
               <coordinates>
                   16.56972222222222,48.11027777777778,0
                   2.0832941,41.297445,0
               </coordinates>
           </LineString>
       </Placemark>
       <Placemark>
           <name>N76054</name>
           <styleUrl>#NoSchengenLine</styleUrl>
           <LineString>
               <coordinates>
                   -74.16833333333334,40.696666666666665,0
                   2.0832941,41.297445,0
               </coordinates>
           </LineString>
       </Placemark>
       <Placemark>
           <name>EIFIY</name>
           <styleUrl>#SchengenLine</styleUrl>
           <LineString>
               <coordinates>
                   1.3730555555555557,38.87277777777778,0
                   2.0832941,41.297445,0
               </coordinates>
           </LineString>
       </Placemark>
       <Placemark>
           <name>ECMFM</name>
           <styleUrl>#SchengenLine</styleUrl>
           <LineString>
               <coordinates>
                   -5.898888888888888,37.418055555555554,0
                   2.0832941,41.297445,0
               </coordinates>
           </LineString>
       </Placemark>
       <Placemark>
           <name>9VSWD</name>
           <styleUrl>#NoSchengenLine</styleUrl>
           <LineString>
               <coordinates>
                   -46.47,-23.433333333333334,0
                   2.0832941,41.297445,0
               </coordinates>
           </LineString>
       </Placemark>
       <Placemark>
           <name>FGTAZ</name>
           <styleUrl>#SchengenLine</styleUrl>
           <LineString>
               <coordinates>
                   2.5477777777777777,49.00972222222222,0
                   2.0832941,41.297445,0
               </coordinates>
           </LineString>
       </Placemark>
       <Placemark>
           <name>OYKBP</name>
           <styleUrl>#SchengenLine</styleUrl>
           <LineString>
               <coordinates>
                   12.65611111111111,55.61805555555556,0
                   2.0832941,41.297445,0
               </coordinates>
           </LineString>
       </Placemark>
       <Placemark>
           <name>ECMHA</name>
           <styleUrl>#SchengenLine</styleUrl>
           <LineString>
               <coordinates>
                   2.738888888888889,39.55166666666666,0
                   2.0832941,41.297445,0
               </coordinates>
           </LineString>
       </Placemark>
       <Placemark>
           <name>DAGWI</name>
           <styleUrl>#SchengenLine</styleUrl>
           <LineString>
               <coordinates>
                   7.142777777777778,50.865833333333335,0
                   2.0832941,41.297445,0
               </coordinates>
           </LineString>
       </Placemark>
       <Placemark>
           <name>ECLLJ</name>
           <styleUrl>#SchengenLine</styleUrl>
           <LineString>
               <coordinates>
                   1.3730555555555557,38.87277777777778,0
                   2.0832941,41.297445,0
               </coordinates>
           </LineString>
       </Placemark>
       <Placemark>
           <name>ECMKV</name>
           <styleUrl>#SchengenLine</styleUrl>
           <LineString>
               <coordinates>
                   -1.7905555555555555,43.35638888888889,0
                   2.0832941,41.297445,0
               </coordinates>
           </LineString>
       </Placemark>
       <Placemark>
           <name>DAIDL</name>
           <styleUrl>#SchengenLine</styleUrl>
           <LineString>
               <coordinates>
                   8.570555555555556,50.03333333333333,0
                   2.0832941,41.297445,0
               </coordinates>
           </LineString>
       </Placemark>
       <Placemark>
           <name>ECJTR</name>
           <styleUrl>#SchengenLine</styleUrl>
           <LineString>
               <coordinates>
                   4.764166666666667,52.308055555555555,0
                   2.0832941,41.297445,0
               </coordinates>
           </LineString>
       </Placemark>
       <Placemark>
           <name>EIFRF</name>
           <styleUrl>#NoSchengenLine</styleUrl>
           <LineString>
               <coordinates>
                   -6.27,53.421388888888885,0
                   2.0832941,41.297445,0
               </coordinates>
           </LineString>
       </Placemark>
       <Placemark>
           <name>GZBAI</name>
           <styleUrl>#NoSchengenLine</styleUrl>
           <LineString>
               <coordinates>
                   -0.19027777777777777,51.14805555555556,0
                   2.0832941,41.297445,0
               </coordinates>
           </LineString>
       </Placemark>
       <Placemark>
           <name>TCJNZ</name>
           <styleUrl>#NoSchengenLine</styleUrl>
           <LineString>
               <coordinates>
                   28.81416666666667,40.976111111111116,0
                   2.0832941,41.297445,0
               </coordinates>
           </LineString>
       </Placemark>
       <Placemark>
           <name>GEZDU</name>
           <styleUrl>#SchengenLine</styleUrl>
           <LineString>
               <coordinates>
                   13.500555555555556,52.36222222222222,0
                   2.0832941,41.297445,0
               </coordinates>
           </LineString>
       </Placemark>
       <Placemark>
           <name>B5913</name>
           <styleUrl>#SchengenLine</styleUrl>
           <LineString>
               <coordinates>
                   16.56972222222222,48.11027777777778,0
                   2.0832941,41.297445,0
               </coordinates>
           </LineString>
       </Placemark>
       <Placemark>
           <name>OELED</name>
           <styleUrl>#SchengenLine</styleUrl>
           <LineString>
               <coordinates>
                   16.56972222222222,48.11027777777778,0
                   2.0832941,41.297445,0
               </coordinates>
           </LineString>
       </Placemark>
       <Placemark>
           <name>GZBAH</name>
           <styleUrl>#NoSchengenLine</styleUrl>
           <LineString>
               <coordinates>
                   -1.7480555555555557,52.45388888888889,0
                   2.0832941,41.297445,0
               </coordinates>
           </LineString>
       </Placemark>
       <Placemark>
           <name>ECMHS</name>
           <styleUrl>#SchengenLine</styleUrl>
           <LineString>
               <coordinates>
                   -9.134166666666665,38.774166666666666,0
                   2.0832941,41.297445,0
               </coordinates>
           </LineString>
       </Placemark>
       <Placemark>
           <name>ECLML</name>
           <styleUrl>#SchengenLine</styleUrl>
           <LineString>
               <coordinates>
                   1.3730555555555557,38.87277777777778,0
                   2.0832941,41.297445,0
               </coordinates>
           </LineString>
       </Placemark>
       <Placemark>
           <name>EIDAM</name>
           <styleUrl>#SchengenLine</styleUrl>
           <LineString>
               <coordinates>
                   9.700277777777776,45.66888888888889,0
                   2.0832941,41.297445,0
               </coordinates>
           </LineString>
       </Placemark>
       <Placemark>
           <name>GEZTG</name>
           <styleUrl>#NoSchengenLine</styleUrl>
           <LineString>
               <coordinates>
                   -2.7191666666666667,51.382777777777775,0
                   2.0832941,41.297445,0
               </coordinates>
           </LineString>
       </Placemark>
       <Placemark>
           <name>CSTTO</name>
           <styleUrl>#SchengenLine</styleUrl>
           <LineString>
               <coordinates>
                   -9.134166666666665,38.774166666666666,0
                   2.0832941,41.297445,0
               </coordinates>
           </LineString>
       </Placemark>
       <Placemark>
           <name>GEZUM</name>
           <styleUrl>#SchengenLine</styleUrl>
           <LineString>
               <coordinates>
                   6.109444444444444,46.23833333333334,0
                   2.0832941,41.297445,0
               </coordinates>
           </LineString>
       </Placemark>
       <Placemark>
           <name>EIDEJ</name>
           <styleUrl>#NoSchengenLine</styleUrl>
           <LineString>
               <coordinates>
                   -6.27,53.421388888888885,0
                   2.0832941,41.297445,0
               </coordinates>
           </LineString>
       </Placemark>
       <Placemark>
           <name>ECMLE</name>
           <styleUrl>#SchengenLine</styleUrl>
           <LineString>
               <coordinates>
                   -1.607777777777778,47.15694444444444,0
                   2.0832941,41.297445,0
               </coordinates>
           </LineString>
       </Placemark>
       <Placemark>
           <name>CGHLQ</name>
           <styleUrl>#NoSchengenLine</styleUrl>
           <LineString>
               <coordinates>
                   -73.74138888888889,45.46805555555556,0
                   2.0832941,41.297445,0
               </coordinates>
           </LineString>
       </Placemark>
       <Placemark>
           <name>ECLZF</name>
           <styleUrl>#SchengenLine</styleUrl>
           <LineString>
               <coordinates>
                   4.2186111111111115,39.862500000000004,0
                   2.0832941,41.297445,0
               </coordinates>
           </LineString>
       </Placemark>
       <Placemark>
           <name>CSDXZ</name>
           <styleUrl>#SchengenLine</styleUrl>
           <LineString>
               <coordinates>
                   7.634444444444444,48.54194444444444,0
                   2.0832941,41.297445,0
               </coordinates>
           </LineString>
       </Placemark>
       <Placemark>
           <name>GEZPC</name>
           <styleUrl>#NoSchengenLine</styleUrl>
           <LineString>
               <coordinates>
                   -2.8497222222222223,53.33361111111111,0
                   2.0832941,41.297445,0
               </coordinates>
           </LineString>
       </Placemark>
       <Placemark>
           <name>PHBXF</name>
           <styleUrl>#SchengenLine</styleUrl>
           <LineString>
               <coordinates>
                   4.764166666666667,52.308055555555555,0
                   2.0832941,41.297445,0
               </coordinates>
           </LineString>
       </Placemark>
       <Placemark>
           <name>EIEBK</name>
           <styleUrl>#NoSchengenLine</styleUrl>
           <LineString>
               <coordinates>
                   -2.275,53.35388888888889,0
                   2.0832941,41.297445,0
               </coordinates>
           </LineString>
       </Placemark>
       <Placemark>
           <name>ECLVC</name>
           <styleUrl>#SchengenLine</styleUrl>
           <LineString>
               <coordinates>
                   -3.777222222222222,37.18861111111111,0
                   2.0832941,41.297445,0
               </coordinates>
           </LineString>
       </Placemark>
       <Placemark>
           <name>EIDPM</name>
           <styleUrl>#NoSchengenLine</styleUrl>
           <LineString>
               <coordinates>
                   -3.3725,55.95,0
                   2.0832941,41.297445,0
               </coordinates>
           </LineString>
       </Placemark>
       <Placemark>
           <name>ECMBK</name>
           <styleUrl>#NoSchengenLine</styleUrl>
           <LineString>
               <coordinates>
                   49.280277777777776,55.606944444444444,0
                   2.0832941,41.297445,0
               </coordinates>
           </LineString>
       </Placemark>
       <Placemark>
           <name>ECLUN</name>
           <styleUrl>#NoSchengenLine</styleUrl>
           <LineString>
               <coordinates>
                   3.2144444444444447,36.693888888888885,0
                   2.0832941,41.297445,0
               </coordinates>
           </LineString>
       </Placemark>
       <Placemark>
           <name>GEZBD</name>
           <styleUrl>#NoSchengenLine</styleUrl>
           <LineString>
               <coordinates>
                   -6.215833333333333,54.6575,0
                   2.0832941,41.297445,0
               </coordinates>
           </LineString>
       </Placemark>
       <Placemark>
           <name>ECLRY</name>
           <styleUrl>#SchengenLine</styleUrl>
           <LineString>
               <coordinates>
                   -3.560833333333333,40.47222222222222,0
                   2.0832941,41.297445,0
               </coordinates>
           </LineString>
       </Placemark>
       <Placemark>
           <name>EIEFW</name>
           <styleUrl>#SchengenLine</styleUrl>
           <LineString>
               <coordinates>
                   -8.415277777777778,42.896388888888886,0
                   2.0832941,41.297445,0
               </coordinates>
           </LineString>
       </Placemark>
       <Placemark>
           <name>EIDHP</name>
           <styleUrl>#NoSchengenLine</styleUrl>
           <LineString>
               <coordinates>
                   -1.7480555555555557,52.45388888888889,0
                   2.0832941,41.297445,0
               </coordinates>
           </LineString>
       </Placemark>
       <Placemark>
           <name>ECLOB</name>
           <styleUrl>#SchengenLine</styleUrl>
           <LineString>
               <coordinates>
                   7.215,43.665277777777774,0
                   2.0832941,41.297445,0
               </coordinates>
           </LineString>
       </Placemark>
       <Placemark>
           <name>EIDWK</name>
           <styleUrl>#SchengenLine</styleUrl>
           <LineString>
               <coordinates>
                   4.484444444444445,50.90138888888889,0
                   2.0832941,41.297445,0
               </coordinates>
           </LineString>
       </Placemark>
       <Placemark>
           <name>YRBGI</name>
           <styleUrl>#NoSchengenLine</styleUrl>
           <LineString>
               <coordinates>
                   26.084999999999997,44.571111111111115,0
                   2.0832941,41.297445,0
               </coordinates>
           </LineString>
       </Placemark>
       <Placemark>
           <name>EIENO</name>
           <styleUrl>#SchengenLine</styleUrl>
           <LineString>
               <coordinates>
                   2.112777777777778,49.45444444444445,0
                   2.0832941,41.297445,0
               </coordinates>
           </LineString>
       </Placemark>
       <Placemark>
           <name>YRBAP</name>
           <styleUrl>#NoSchengenLine</styleUrl>
           <LineString>
               <coordinates>
                   26.084999999999997,44.571111111111115,0
                   2.0832941,41.297445,0
               </coordinates>
           </LineString>
       </Placemark>
       <Placemark>
           <name>ECLUT</name>
           <styleUrl>#NoSchengenLine</styleUrl>
           <LineString>
               <coordinates>
                   34.885555555555555,32.00944444444445,0
                   2.0832941,41.297445,0
               </coordinates>
           </LineString>
       </Placemark>
       <Placemark>
           <name>GEUUO</name>
           <styleUrl>#NoSchengenLine</styleUrl>
           <LineString>
               <coordinates>
                   -0.4613888888888889,51.4775,0
                   2.0832941,41.297445,0
               </coordinates>
           </LineString>
       </Placemark>
       <Placemark>
           <name>N790AN</name>
           <styleUrl>#NoSchengenLine</styleUrl>
           <LineString>
               <coordinates>
                   -80.28333333333333,25.8,0
                   2.0832941,41.297445,0
               </coordinates>
           </LineString>
       </Placemark>
       <Placemark>
           <name>GEZWN</name>
           <styleUrl>#NoSchengenLine</styleUrl>
           <LineString>
               <coordinates>
                   -0.19027777777777777,51.14805555555556,0
                   2.0832941,41.297445,0
               </coordinates>
           </LineString>
       </Placemark>
       <Placemark>
           <name>SXDGQ</name>
           <styleUrl>#SchengenLine</styleUrl>
           <LineString>
               <coordinates>
                   23.944444444444446,37.93666666666666,0
                   2.0832941,41.297445,0
               </coordinates>
           </LineString>
       </Placemark>
       <Placemark>
           <name>ECMMU</name>
           <styleUrl>#NoSchengenLine</styleUrl>
           <LineString>
               <coordinates>
                   -15.386666666666667,27.931944444444447,0
                   2.0832941,41.297445,0
               </coordinates>
           </LineString>
       </Placemark>
       <Placemark>
           <name>LNRNO</name>
           <styleUrl>#SchengenLine</styleUrl>
           <LineString>
               <coordinates>
                   11.08388888888889,60.20277777777778,0
                   2.0832941,41.297445,0
               </coordinates>
           </LineString>
       </Placemark>
       <Placemark>
           <name>ECHUH</name>
           <styleUrl>#SchengenLine</styleUrl>
           <LineString>
               <coordinates>
                   -3.560833333333333,40.47222222222222,0
                   2.0832941,41.297445,0
               </coordinates>
           </LineString>
       </Placemark>
       <Placemark>
           <name>IBIXR</name>
           <styleUrl>#SchengenLine</styleUrl>
           <LineString>
               <coordinates>
                   12.238888888888889,41.80027777777777,0
                   2.0832941,41.297445,0
               </coordinates>
           </LineString>
       </Placemark>
       <Placemark>
           <name>ECKMI</name>
           <styleUrl>#SchengenLine</styleUrl>
           <LineString>
               <coordinates>
                   -5.898888888888888,37.418055555555554,0
                   2.0832941,41.297445,0
               </coordinates>
           </LineString>
       </Placemark>
       <Placemark>
           <name>GOZBE</name>
           <styleUrl>#NoSchengenLine</styleUrl>
           <LineString>
               <coordinates>
                   -2.275,53.35388888888889,0
                   2.0832941,41.297445,0
               </coordinates>
           </LineString>
       </Placemark>
       <Placemark>
           <name>SPLND</name>
           <styleUrl>#SchengenLine</styleUrl>
           <LineString>
               <coordinates>
                   20.96722222222222,52.16583333333333,0
                   2.0832941,41.297445,0
               </coordinates>
           </LineString>
       </Placemark>
       <Placemark>
           <name>EIDAE</name>
           <styleUrl>#SchengenLine</styleUrl>
           <LineString>
               <coordinates>
                   12.238888888888889,41.80027777777777,0
                   2.0832941,41.297445,0
               </coordinates>
           </LineString>
       </Placemark>
       <Placemark>
           <name>N290AY</name>
           <styleUrl>#NoSchengenLine</styleUrl>
           <LineString>
               <coordinates>
                   -75.245,39.87,0
                   2.0832941,41.297445,0
               </coordinates>
           </LineString>
       </Placemark>
       <Placemark>
           <name>VQBHK</name>
           <styleUrl>#NoSchengenLine</styleUrl>
           <LineString>
               <coordinates>
                   37.41305555555555,55.972500000000004,0
                   2.0832941,41.297445,0
               </coordinates>
           </LineString>
       </Placemark>
       <Placemark>
           <name>ECKLT</name>
           <styleUrl>#SchengenLine</styleUrl>
           <LineString>
               <coordinates>
                   -3.560833333333333,40.47222222222222,0
                   2.0832941,41.297445,0
               </coordinates>
           </LineString>
       </Placemark>
       <Placemark>
           <name>ECMMH</name>
           <styleUrl>#NoSchengenLine</styleUrl>
           <LineString>
               <coordinates>
                   -16.341666666666665,28.482777777777777,0
                   2.0832941,41.297445,0
               </coordinates>
           </LineString>
       </Placemark>
       <Placemark>
           <name>ECMHB</name>
           <styleUrl>#SchengenLine</styleUrl>
           <LineString>
               <coordinates>
                   2.3794444444444447,48.723333333333336,0
                   2.0832941,41.297445,0
               </coordinates>
           </LineString>
       </Placemark>
       <Placemark>
           <name>ECLXV</name>
           <styleUrl>#SchengenLine</styleUrl>
           <LineString>
               <coordinates>
                   2.738888888888889,39.55166666666666,0
                   2.0832941,41.297445,0
               </coordinates>
           </LineString>
       </Placemark>
       <Placemark>
           <name>VPBWG</name>
           <styleUrl>#NoSchengenLine</styleUrl>
           <LineString>
               <coordinates>
                   30.2625,59.80027777777777,0
                   2.0832941,41.297445,0
               </coordinates>
           </LineString>
       </Placemark>
       <Placemark>
           <name>ECMBY</name>
           <styleUrl>#NoSchengenLine</styleUrl>
           <LineString>
               <coordinates>
                   16.06888888888889,45.74305555555556,0
                   2.0832941,41.297445,0
               </coordinates>
           </LineString>
       </Placemark>
       <Placemark>
           <name>DAIDF</name>
           <styleUrl>#SchengenLine</styleUrl>
           <LineString>
               <coordinates>
                   11.786111111111111,48.35388888888889,0
                   2.0832941,41.297445,0
               </coordinates>
           </LineString>
       </Placemark>
       <Placemark>
           <name>EIDCJ</name>
           <styleUrl>#NoSchengenLine</styleUrl>
           <LineString>
               <coordinates>
                   0.23500000000000001,51.885,0
                   2.0832941,41.297445,0
               </coordinates>
           </LineString>
       </Placemark>
       <Placemark>
           <name>ECMKN</name>
           <styleUrl>#SchengenLine</styleUrl>
           <LineString>
               <coordinates>
                   6.109444444444444,46.23833333333334,0
                   2.0832941,41.297445,0
               </coordinates>
           </LineString>
       </Placemark>
       <Placemark>
           <name>ECJTQ</name>
           <styleUrl>#SchengenLine</styleUrl>
           <LineString>
               <coordinates>
                   -8.627500000000001,42.22916666666667,0
                   2.0832941,41.297445,0
               </coordinates>
           </LineString>
       </Placemark>
       <Placemark>
           <name>LNNGP</name>
           <styleUrl>#SchengenLine</styleUrl>
           <LineString>
               <coordinates>
                   11.08388888888889,60.20277777777778,0
                   2.0832941,41.297445,0
               </coordinates>
           </LineString>
       </Placemark>
       <Placemark>
           <name>ECMIQ</name>
           <styleUrl>#SchengenLine</styleUrl>
           <LineString>
               <coordinates>
                   11.202777777777778,43.808611111111105,0
                   2.0832941,41.297445,0
               </coordinates>
           </LineString>
       </Placemark>
       <Placemark>
           <name>GEZBI</name>
           <styleUrl>#NoSchengenLine</styleUrl>
           <LineString>
               <coordinates>
                   -0.3683333333333333,51.874722222222225,0
                   2.0832941,41.297445,0
               </coordinates>
           </LineString>
       </Placemark>
       <Placemark>
           <name>ECMGZ</name>
           <styleUrl>#SchengenLine</styleUrl>
           <LineString>
               <coordinates>
                   12.351944444444444,45.50527777777778,0
                   2.0832941,41.297445,0
               </coordinates>
           </LineString>
       </Placemark>
       <Placemark>
           <name>ECLQM</name>
           <styleUrl>#SchengenLine</styleUrl>
           <LineString>
               <coordinates>
                   4.484444444444445,50.90138888888889,0
                   2.0832941,41.297445,0
               </coordinates>
           </LineString>
       </Placemark>
       <Placemark>
           <name>GCELG</name>
           <styleUrl>#NoSchengenLine</styleUrl>
           <LineString>
               <coordinates>
                   -2.275,53.35388888888889,0
                   2.0832941,41.297445,0
               </coordinates>
           </LineString>
       </Placemark>
       <Placemark>
           <name>GEZTA</name>
           <styleUrl>#SchengenLine</styleUrl>
           <LineString>
               <coordinates>
                   7.529166666666667,47.59,0
                   2.0832941,41.297445,0
               </coordinates>
           </LineString>
       </Placemark>
       <Placemark>
           <name>DAISG</name>
           <styleUrl>#SchengenLine</styleUrl>
           <LineString>
               <coordinates>
                   8.570555555555556,50.03333333333333,0
                   2.0832941,41.297445,0
               </coordinates>
           </LineString>
       </Placemark>
       <Placemark>
           <name>N900JG</name>
           <styleUrl>#NoSchengenLine</styleUrl>
           <LineString>
               <coordinates>
                   34.885555555555555,32.00944444444445,0
                   2.0832941,41.297445,0
               </coordinates>
           </LineString>
       </Placemark>
       <Placemark>
           <name>LNDYW</name>
           <styleUrl>#SchengenLine</styleUrl>
           <LineString>
               <coordinates>
                   12.65611111111111,55.61805555555556,0
                   2.0832941,41.297445,0
               </coordinates>
           </LineString>
       </Placemark>
       <Placemark>
           <name>GEZAT</name>
           <styleUrl>#SchengenLine</styleUrl>
           <LineString>
               <coordinates>
                   -0.7152777777777777,44.828611111111115,0
                   2.0832941,41.297445,0
               </coordinates>
           </LineString>
       </Placemark>
       <Placemark>
           <name>EIDHX</name>
           <styleUrl>#SchengenLine</styleUrl>
           <LineString>
               <coordinates>
                   11.296944444444444,44.530833333333334,0
                   2.0832941,41.297445,0
               </coordinates>
           </LineString>
       </Placemark>
       <Placemark>
           <name>CFIYE</name>
           <styleUrl>#NoSchengenLine</styleUrl>
           <LineString>
               <coordinates>
                   -79.63055555555555,43.67722222222222,0
                   2.0832941,41.297445,0
               </coordinates>
           </LineString>
       </Placemark>
       <Placemark>
           <name>ECMJC</name>
           <styleUrl>#NoSchengenLine</styleUrl>
           <LineString>
               <coordinates>
                   16.298055555555557,43.538888888888884,0
                   2.0832941,41.297445,0
               </coordinates>
           </LineString>
       </Placemark>
       <Placemark>
           <name>ECKRH</name>
           <styleUrl>#SchengenLine</styleUrl>
           <LineString>
               <coordinates>
                   4.2186111111111115,39.862500000000004,0
                   2.0832941,41.297445,0
               </coordinates>
           </LineString>
       </Placemark>
       <Placemark>
           <name>HBJYI</name>
           <styleUrl>#SchengenLine</styleUrl>
           <LineString>
               <coordinates>
                   6.109444444444444,46.23833333333334,0
                   2.0832941,41.297445,0
               </coordinates>
           </LineString>
       </Placemark>
       <Placemark>
           <name>ECLQK</name>
           <styleUrl>#NoSchengenLine</styleUrl>
           <LineString>
               <coordinates>
                   34.885555555555555,32.00944444444445,0
                   2.0832941,41.297445,0
               </coordinates>
           </LineString>
       </Placemark>
       <Placemark>
           <name>ECMBE</name>
           <styleUrl>#SchengenLine</styleUrl>
           <LineString>
               <coordinates>
                   8.548055555555555,47.45805555555556,0
                   2.0832941,41.297445,0
               </coordinates>
           </LineString>
       </Placemark>
       <Placemark>
           <name>CNRGG</name>
           <styleUrl>#NoSchengenLine</styleUrl>
           <LineString>
               <coordinates>
                   -7.581666666666666,33.36416666666667,0
                   2.0832941,41.297445,0
               </coordinates>
           </LineString>
       </Placemark>
       <Placemark>
           <name>ECMJR</name>
           <styleUrl>#NoSchengenLine</styleUrl>
           <LineString>
               <coordinates>
                   -0.3683333333333333,51.874722222222225,0
                   2.0832941,41.297445,0
               </coordinates>
           </LineString>
       </Placemark>
       <Placemark>
           <name>TSIMV</name>
           <styleUrl>#NoSchengenLine</styleUrl>
           <LineString>
               <coordinates>
                   10.226944444444445,36.85111111111111,0
                   2.0832941,41.297445,0
               </coordinates>
           </LineString>
       </Placemark>
       <Placemark>
           <name>ECLQL</name>
           <styleUrl>#SchengenLine</styleUrl>
           <LineString>
               <coordinates>
                   11.786111111111111,48.35388888888889,0
                   2.0832941,41.297445,0
               </coordinates>
           </LineString>
       </Placemark>
       <Placemark>
           <name>FF333</name>
           <styleUrl>#SchengenLine</styleUrl>
           <LineString>
               <coordinates>
                   2.2905555555555552,43.555,0
                   2.0832941,41.297445,0
               </coordinates>
           </LineString>
       </Placemark>
       <Placemark>
           <name>GGDFK</name>
           <styleUrl>#NoSchengenLine</styleUrl>
           <LineString>
               <coordinates>
                   -1.6608333333333332,53.86611111111111,0
                   2.0832941,41.297445,0
               </coordinates>
           </LineString>
       </Placemark>
       <Placemark>
           <name>ECLRG</name>
           <styleUrl>#SchengenLine</styleUrl>
           <LineString>
               <coordinates>
                   12.236388888888888,51.42388888888889,0
                   2.0832941,41.297445,0
               </coordinates>
           </LineString>
       </Placemark>
       <Placemark>
           <name>ECMBT</name>
           <styleUrl>#SchengenLine</styleUrl>
           <LineString>
               <coordinates>
                   2.738888888888889,39.55166666666666,0
                   2.0832941,41.297445,0
               </coordinates>
           </LineString>
       </Placemark>
       <Placemark>
           <name>N803NW</name>
           <styleUrl>#NoSchengenLine</styleUrl>
           <LineString>
               <coordinates>
                   -73.77833333333334,40.640277777777776,0
                   2.0832941,41.297445,0
               </coordinates>
           </LineString>
       </Placemark>
       <Placemark>
           <name>GEUYC</name>
           <styleUrl>#NoSchengenLine</styleUrl>
           <LineString>
               <coordinates>
                   -0.4613888888888889,51.4775,0
                   2.0832941,41.297445,0
               </coordinates>
           </LineString>
       </Placemark>
       <Placemark>
           <name>N283AY</name>
           <styleUrl>#NoSchengenLine</styleUrl>
           <LineString>
               <coordinates>
                   -80.95,35.21666666666667,0
                   2.0832941,41.297445,0
               </coordinates>
           </LineString>
       </Placemark>
       <Placemark>
           <name>ECMGF</name>
           <styleUrl>#SchengenLine</styleUrl>
           <LineString>
               <coordinates>
                   8.570555555555556,50.03333333333333,0
                   2.0832941,41.297445,0
               </coordinates>
           </LineString>
       </Placemark>
       <Placemark>
           <name>ECMLD</name>
           <styleUrl>#SchengenLine</styleUrl>
           <LineString>
               <coordinates>
                   4.764166666666667,52.308055555555555,0
                   2.0832941,41.297445,0
               </coordinates>
           </LineString>
       </Placemark>
       <Placemark>
           <name>EIIMU</name>
           <styleUrl>#SchengenLine</styleUrl>
           <LineString>
               <coordinates>
                   9.278333333333334,45.44944444444444,0
                   2.0832941,41.297445,0
               </coordinates>
           </LineString>
       </Placemark>
       <Placemark>
           <name>ECHUI</name>
           <styleUrl>#SchengenLine</styleUrl>
           <LineString>
               <coordinates>
                   -3.560833333333333,40.47222222222222,0
                   2.0832941,41.297445,0
               </coordinates>
           </LineString>
       </Placemark>
       <Placemark>
           <name>ECLRN</name>
           <styleUrl>#SchengenLine</styleUrl>
           <LineString>
               <coordinates>
                   2.5477777777777777,49.00972222222222,0
                   2.0832941,41.297445,0
               </coordinates>
           </LineString>
       </Placemark>
       <Placemark>
           <name>GEZWZ</name>
           <styleUrl>#NoSchengenLine</styleUrl>
           <LineString>
               <coordinates>
                   -0.19027777777777777,51.14805555555556,0
                   2.0832941,41.297445,0
               </coordinates>
           </LineString>
       </Placemark>
       <Placemark>
           <name>CSTTV</name>
           <styleUrl>#SchengenLine</styleUrl>
           <LineString>
               <coordinates>
                   -9.134166666666665,38.774166666666666,0
                   2.0832941,41.297445,0
               </coordinates>
           </LineString>
       </Placemark>
       <Placemark>
           <name>PHBXP</name>
           <styleUrl>#SchengenLine</styleUrl>
           <LineString>
               <coordinates>
                   4.764166666666667,52.308055555555555,0
                   2.0832941,41.297445,0
               </coordinates>
           </LineString>
       </Placemark>
       <Placemark>
           <name>ECJGM</name>
           <styleUrl>#SchengenLine</styleUrl>
           <LineString>
               <coordinates>
                   -2.9105555555555553,43.301111111111105,0
                   2.0832941,41.297445,0
               </coordinates>
           </LineString>
       </Placemark>
       <Placemark>
           <name>CFDAT</name>
           <styleUrl>#NoSchengenLine</styleUrl>
           <LineString>
               <coordinates>
                   -73.74138888888889,45.46805555555556,0
                   2.0832941,41.297445,0
               </coordinates>
           </LineString>
       </Placemark>
       <Placemark>
           <name>EIDHG</name>
           <styleUrl>#SchengenLine</styleUrl>
           <LineString>
               <coordinates>
                   9.988333333333333,53.63027777777778,0
                   2.0832941,41.297445,0
               </coordinates>
           </LineString>
       </Placemark>
       <Placemark>
           <name>EIFJP</name>
           <styleUrl>#SchengenLine</styleUrl>
           <LineString>
               <coordinates>
                   -2.9105555555555553,43.301111111111105,0
                   2.0832941,41.297445,0
               </coordinates>
           </LineString>
       </Placemark>
       <Placemark>
           <name>ECHQI</name>
           <styleUrl>#SchengenLine</styleUrl>
           <LineString>
               <coordinates>
                   12.238888888888889,41.80027777777777,0
                   2.0832941,41.297445,0
               </coordinates>
           </LineString>
       </Placemark>
       <Placemark>
           <name>CGTSW</name>
           <styleUrl>#NoSchengenLine</styleUrl>
           <LineString>
               <coordinates>
                   -79.63055555555555,43.67722222222222,0
                   2.0832941,41.297445,0
               </coordinates>
           </LineString>
       </Placemark>
       <Placemark>
           <name>ECLZO</name>
           <styleUrl>#NoSchengenLine</styleUrl>
           <LineString>
               <coordinates>
                   -0.19027777777777777,51.14805555555556,0
                   2.0832941,41.297445,0
               </coordinates>
           </LineString>
       </Placemark>
       <Placemark>
           <name>N76062</name>
           <styleUrl>#NoSchengenLine</styleUrl>
           <LineString>
               <coordinates>
                   -77.45666666666666,38.94499999999999,0
                   2.0832941,41.297445,0
               </coordinates>
           </LineString>
       </Placemark>
       <Placemark>
           <name>FA123</name>
           <styleUrl>#SchengenLine</styleUrl>
           <LineString>
               <coordinates>
                   -2.9105555555555553,43.301111111111105,0
                   2.0832941,41.297445,0
               </coordinates>
           </LineString>
       </Placemark>
       <Placemark>
           <name>URPSS</name>
           <styleUrl>#NoSchengenLine</styleUrl>
           <LineString>
               <coordinates>
                   30.893333333333334,50.344722222222224,0
                   2.0832941,41.297445,0
               </coordinates>
           </LineString>
       </Placemark>
       <Placemark>
           <name>4XELD</name>
           <styleUrl>#NoSchengenLine</styleUrl>
           <LineString>
               <coordinates>
                   34.885555555555555,32.00944444444445,0
                   2.0832941,41.297445,0
               </coordinates>
           </LineString>
       </Placemark>
       <Placemark>
           <name>EIEBA</name>
           <styleUrl>#NoSchengenLine</styleUrl>
           <LineString>
               <coordinates>
                   -1.3277777777777777,52.83111111111111,0
                   2.0832941,41.297445,0
               </coordinates>
           </LineString>
       </Placemark>
       <Placemark>
           <name>ECLZE</name>
           <styleUrl>#SchengenLine</styleUrl>
           <LineString>
               <coordinates>
                   3.0869444444444447,50.56333333333333,0
                   2.0832941,41.297445,0
               </coordinates>
           </LineString>
       </Placemark>
       <Placemark>
           <name>DAISW</name>
           <styleUrl>#SchengenLine</styleUrl>
           <LineString>
               <coordinates>
                   8.570555555555556,50.03333333333333,0
                   2.0832941,41.297445,0
               </coordinates>
           </LineString>
       </Placemark>
       <Placemark>
           <name>PHXRX</name>
           <styleUrl>#SchengenLine</styleUrl>
           <LineString>
               <coordinates>
                   5.374444444444444,51.45,0
                   2.0832941,41.297445,0
               </coordinates>
           </LineString>
       </Placemark>
       <Placemark>
           <name>TCJVM</name>
           <styleUrl>#NoSchengenLine</styleUrl>
           <LineString>
               <coordinates>
                   29.309166666666666,40.89833333333333,0
                   2.0832941,41.297445,0
               </coordinates>
           </LineString>
       </Placemark>
       <Placemark>
           <name>ECLVP</name>
           <styleUrl>#SchengenLine</styleUrl>
           <LineString>
               <coordinates>
                   14.26,50.100833333333334,0
                   2.0832941,41.297445,0
               </coordinates>
           </LineString>
       </Placemark>
       <Placemark>
           <name>URPSO</name>
           <styleUrl>#NoSchengenLine</styleUrl>
           <LineString>
               <coordinates>
                   30.893333333333334,50.344722222222224,0
                   2.0832941,41.297445,0
               </coordinates>
           </LineString>
       </Placemark>
       <Placemark>
           <name>ECLRM</name>
           <styleUrl>#NoSchengenLine</styleUrl>
           <LineString>
               <coordinates>
                   -1.7480555555555557,52.45388888888889,0
                   2.0832941,41.297445,0
               </coordinates>
           </LineString>
       </Placemark>
       <Placemark>
           <name>ECLML</name>
           <styleUrl>#SchengenLine</styleUrl>
           <LineString>
               <coordinates>
                   4.2186111111111115,39.862500000000004,0
                   2.0832941,41.297445,0
               </coordinates>
           </LineString>
       </Placemark>
       <Placemark>
           <name>ECMEQ</name>
           <styleUrl>#SchengenLine</styleUrl>
           <LineString>
               <coordinates>
                   1.3730555555555557,38.87277777777778,0
                   2.0832941,41.297445,0
               </coordinates>
           </LineString>
       </Placemark>
       <Placemark>
           <name>A7AEC</name>
           <styleUrl>#NoSchengenLine</styleUrl>
           <LineString>
               <coordinates>
                   51.608333333333334,25.274444444444445,0
                   2.0832941,41.297445,0
               </coordinates>
           </LineString>
       </Placemark>
       <Placemark>
           <name>LNDYB</name>
           <styleUrl>#SchengenLine</styleUrl>
           <LineString>
               <coordinates>
                   12.29111111111111,57.66,0
                   2.0832941,41.297445,0
               </coordinates>
           </LineString>
       </Placemark>
       <Placemark>
           <name>A6EOP</name>
           <styleUrl>#NoSchengenLine</styleUrl>
           <LineString>
               <coordinates>
                   55.36,25.249166666666667,0
                   2.0832941,41.297445,0
               </coordinates>
           </LineString>
       </Placemark>
       <Placemark>
           <name>DAKNQ</name>
           <styleUrl>#SchengenLine</styleUrl>
           <LineString>
               <coordinates>
                   13.287777777777778,52.55972222222222,0
                   2.0832941,41.297445,0
               </coordinates>
           </LineString>
       </Placemark>
       <Placemark>
           <name>DAGWE</name>
           <styleUrl>#SchengenLine</styleUrl>
           <LineString>
               <coordinates>
                   9.988333333333333,53.63027777777778,0
                   2.0832941,41.297445,0
               </coordinates>
           </LineString>
       </Placemark>
       <Placemark>
           <name>DCARO</name>
           <styleUrl>#SchengenLine</styleUrl>
           <LineString>
               <coordinates>
                   -0.4816666666666667,39.489444444444445,0
                   2.0832941,41.297445,0
               </coordinates>
           </LineString>
       </Placemark>
       <Placemark>
           <name>OKNEN</name>
           <styleUrl>#SchengenLine</styleUrl>
           <LineString>
               <coordinates>
                   14.26,50.100833333333334,0
                   2.0832941,41.297445,0
               </coordinates>
           </LineString>
       </Placemark>
       <Placemark>
           <name>LXLQB</name>
           <styleUrl>#SchengenLine</styleUrl>
           <LineString>
               <coordinates>
                   6.204444444444444,49.623333333333335,0
                   2.0832941,41.297445,0
               </coordinates>
           </LineString>
       </Placemark>
       <Placemark>
           <name>EIENL</name>
           <styleUrl>#NoSchengenLine</styleUrl>
           <LineString>
               <coordinates>
                   -8.040833333333333,31.608611111111113,0
                   2.0832941,41.297445,0
               </coordinates>
           </LineString>
       </Placemark>
       <Placemark>
           <name>TCJHZ</name>
           <styleUrl>#NoSchengenLine</styleUrl>
           <LineString>
               <coordinates>
                   28.81416666666667,40.976111111111116,0
                   2.0832941,41.297445,0
               </coordinates>
           </LineString>
       </Placemark>
       <Placemark>
           <name>EIFRH</name>
           <styleUrl>#SchengenLine</styleUrl>
           <LineString>
               <coordinates>
                   2.738888888888889,39.55166666666666,0
                   2.0832941,41.297445,0
               </coordinates>
           </LineString>
       </Placemark>
       <Placemark>
           <name>GEZUM</name>
           <styleUrl>#SchengenLine</styleUrl>
           <LineString>
               <coordinates>
                   7.215,43.665277777777774,0
                   2.0832941,41.297445,0
               </coordinates>
           </LineString>
       </Placemark>
       <Placemark>
           <name>CSTTK</name>
           <styleUrl>#SchengenLine</styleUrl>
           <LineString>
               <coordinates>
                   -9.134166666666665,38.774166666666666,0
                   2.0832941,41.297445,0
               </coordinates>
           </LineString>
       </Placemark>
       <Placemark>
           <name>EIDHT</name>
           <styleUrl>#SchengenLine</styleUrl>
           <LineString>
               <coordinates>
                   25.28777777777778,54.636944444444445,0
                   2.0832941,41.297445,0
               </coordinates>
           </LineString>
       </Placemark>
       <Placemark>
           <name>TCCPG</name>
           <styleUrl>#NoSchengenLine</styleUrl>
           <LineString>
               <coordinates>
                   29.309166666666666,40.89833333333333,0
                   2.0832941,41.297445,0
               </coordinates>
           </LineString>
       </Placemark>
       <Placemark>
           <name>ECLZF</name>
           <styleUrl>#SchengenLine</styleUrl>
           <LineString>
               <coordinates>
                   -2.37,36.84388888888889,0
                   2.0832941,41.297445,0
               </coordinates>
           </LineString>
       </Placemark>
       <Placemark>
           <name>ECIXD</name>
           <styleUrl>#SchengenLine</styleUrl>
           <LineString>
               <coordinates>
                   -3.560833333333333,40.47222222222222,0
                   2.0832941,41.297445,0
               </coordinates>
           </LineString>
       </Placemark>
       <Placemark>
           <name>ECMHA</name>
           <styleUrl>#SchengenLine</styleUrl>
           <LineString>
               <coordinates>
                   8.723055555555556,45.63,0
                   2.0832941,41.297445,0
               </coordinates>
           </LineString>
       </Placemark>
       <Placemark>
           <name>SUGCE</name>
           <styleUrl>#NoSchengenLine</styleUrl>
           <LineString>
               <coordinates>
                   31.413888888888888,30.11138888888889,0
                   2.0832941,41.297445,0
               </coordinates>
           </LineString>
       </Placemark>
       <Placemark>
           <name>SXABE</name>
           <styleUrl>#SchengenLine</styleUrl>
           <LineString>
               <coordinates>
                   -1.7322222222222223,48.07194444444445,0
                   2.0832941,41.297445,0
               </coordinates>
           </LineString>
       </Placemark>
       <Placemark>
           <name>HBIOM</name>
           <styleUrl>#SchengenLine</styleUrl>
           <LineString>
               <coordinates>
                   8.548055555555555,47.45805555555556,0
                   2.0832941,41.297445,0
               </coordinates>
           </LineString>
       </Placemark>
       <Placemark>
           <name>GEUUY</name>
           <styleUrl>#NoSchengenLine</styleUrl>
           <LineString>
               <coordinates>
                   -0.4613888888888889,51.4775,0
                   2.0832941,41.297445,0
               </coordinates>
           </LineString>
       </Placemark>
       <Placemark>
           <name>ECMEA</name>
           <styleUrl>#NoSchengenLine</styleUrl>
           <LineString>
               <coordinates>
                   -4.977777777777778,33.92722222222222,0
                   2.0832941,41.297445,0
               </coordinates>
           </LineString>
       </Placemark>
       <Placemark>
           <name>ECLTG</name>
           <styleUrl>#NoSchengenLine</styleUrl>
           <LineString>
               <coordinates>
                   12.278333333333334,53.91916666666666,0
                   2.0832941,41.297445,0
               </coordinates>
           </LineString>
       </Placemark>
       <Placemark>
           <name>DAIRA</name>
           <styleUrl>#SchengenLine</styleUrl>
           <LineString>
               <coordinates>
                   11.786111111111111,48.35388888888889,0
                   2.0832941,41.297445,0
               </coordinates>
           </LineString>
       </Placemark>
       <Placemark>
           <name>ECJYX</name>
           <styleUrl>#SchengenLine</styleUrl>
           <LineString>
               <coordinates>
                   4.764166666666667,52.308055555555555,0
                   2.0832941,41.297445,0
               </coordinates>
           </LineString>
       </Placemark>
       <Placemark>
           <name>ECLUN</name>
           <styleUrl>#SchengenLine</styleUrl>
           <LineString>
               <coordinates>
                   7.649444444444444,45.2025,0
                   2.0832941,41.297445,0
               </coordinates>
           </LineString>
       </Placemark>
       <Placemark>
           <name>GEZPL</name>
           <styleUrl>#NoSchengenLine</styleUrl>
           <LineString>
               <coordinates>
                   -0.19027777777777777,51.14805555555556,0
                   2.0832941,41.297445,0
               </coordinates>
           </LineString>
       </Placemark>
       <Placemark>
           <name>EIFJN</name>
           <styleUrl>#SchengenLine</styleUrl>
           <LineString>
               <coordinates>
                   13.500555555555556,52.36222222222222,0
                   2.0832941,41.297445,0
               </coordinates>
           </LineString>
       </Placemark>
       <Placemark>
           <name>PHXRD</name>
           <styleUrl>#SchengenLine</styleUrl>
           <LineString>
               <coordinates>
                   4.764166666666667,52.308055555555555,0
                   2.0832941,41.297445,0
               </coordinates>
           </LineString>
       </Placemark>
       <Placemark>
           <name>ECLXV</name>
           <styleUrl>#SchengenLine</styleUrl>
           <LineString>
               <coordinates>
                   2.738888888888889,39.55166666666666,0
                   2.0832941,41.297445,0
               </coordinates>
           </LineString>
       </Placemark>
       <Placemark>
           <name>ECLOB</name>
           <styleUrl>#SchengenLine</styleUrl>
           <LineString>
               <coordinates>
                   -4.4991666666666665,36.675,0
                   2.0832941,41.297445,0
               </coordinates>
           </LineString>
       </Placemark>
       <Placemark>
           <name>ECMGE</name>
           <styleUrl>#SchengenLine</styleUrl>
           <LineString>
               <coordinates>
                   -2.9105555555555553,43.301111111111105,0
                   2.0832941,41.297445,0
               </coordinates>
           </LineString>
       </Placemark>
       <Placemark>
           <name>OOSSW</name>
           <styleUrl>#SchengenLine</styleUrl>
           <LineString>
               <coordinates>
                   4.484444444444445,50.90138888888889,0
                   2.0832941,41.297445,0
               </coordinates>
           </LineString>
       </Placemark>
       <Placemark>
           <name>GEUYB</name>
           <styleUrl>#NoSchengenLine</styleUrl>
           <LineString>
               <coordinates>
                   -0.19027777777777777,51.14805555555556,0
                   2.0832941,41.297445,0
               </coordinates>
           </LineString>
       </Placemark>
       <Placemark>
           <name>DAISE</name>
           <styleUrl>#SchengenLine</styleUrl>
           <LineString>
               <coordinates>
                   8.570555555555556,50.03333333333333,0
                   2.0832941,41.297445,0
               </coordinates>
           </LineString>
       </Placemark>
       <Placemark>
           <name>N969AV</name>
           <styleUrl>#NoSchengenLine</styleUrl>
           <LineString>
               <coordinates>
                   -74.15,4.7,0
                   2.0832941,41.297445,0
               </coordinates>
           </LineString>
       </Placemark>
       <Placemark>
           <name>A6AIN</name>
           <styleUrl>#NoSchengenLine</styleUrl>
           <LineString>
               <coordinates>
                   -0.4613888888888889,51.4775,0
                   2.0832941,41.297445,0
               </coordinates>
           </LineString>
       </Placemark>
       <Placemark>
           <name>EIFIY</name>
           <styleUrl>#SchengenLine</styleUrl>
           <LineString>
               <coordinates>
                   12.238888888888889,41.80027777777777,0
                   2.0832941,41.297445,0
               </coordinates>
           </LineString>
       </Placemark>
       <Placemark>
           <name>ECHUH</name>
           <styleUrl>#SchengenLine</styleUrl>
           <LineString>
               <coordinates>
                   -3.560833333333333,40.47222222222222,0
                   2.0832941,41.297445,0
               </coordinates>
           </LineString>
       </Placemark>
       <Placemark>
           <name>ECHOB</name>
           <styleUrl>#NoSchengenLine</styleUrl>
           <LineString>
               <coordinates>
                   18.723333333333333,42.40472222222222,0
                   2.0832941,41.297445,0
               </coordinates>
           </LineString>
       </Placemark>
       <Placemark>
           <name>EIDAE</name>
           <styleUrl>#SchengenLine</styleUrl>
           <LineString>
               <coordinates>
                   7.649444444444444,45.2025,0
                   2.0832941,41.297445,0
               </coordinates>
           </LineString>
       </Placemark>
       <Placemark>
           <name>ECLRY</name>
           <styleUrl>#SchengenLine</styleUrl>
           <LineString>
               <coordinates>
                   2.3794444444444447,48.723333333333336,0
                   2.0832941,41.297445,0
               </coordinates>
           </LineString>
       </Placemark>
       <Placemark>
           <name>EIENO</name>
           <styleUrl>#SchengenLine</styleUrl>
           <LineString>
               <coordinates>
                   -4.4991666666666665,36.675,0
                   2.0832941,41.297445,0
               </coordinates>
           </LineString>
       </Placemark>
       <Placemark>
           <name>EIDWK</name>
           <styleUrl>#SchengenLine</styleUrl>
           <LineString>
               <coordinates>
                   12.197777777777778,45.65083333333333,0
                   2.0832941,41.297445,0
               </coordinates>
           </LineString>
       </Placemark>
       <Placemark>
           <name>ECJTR</name>
           <styleUrl>#SchengenLine</styleUrl>
           <LineString>
               <coordinates>
                   7.529166666666667,47.59,0
                   2.0832941,41.297445,0
               </coordinates>
           </LineString>
       </Placemark>
       <Placemark>
           <name>ECMGF</name>
           <styleUrl>#SchengenLine</styleUrl>
           <LineString>
               <coordinates>
                   4.2186111111111115,39.862500000000004,0
                   2.0832941,41.297445,0
               </coordinates>
           </LineString>
       </Placemark>
       <Placemark>
           <name>EIFJL</name>
           <styleUrl>#SchengenLine</styleUrl>
           <LineString>
               <coordinates>
                   5.218055555555556,60.29361111111111,0
                   2.0832941,41.297445,0
               </coordinates>
           </LineString>
       </Placemark>
       <Placemark>
           <name>ECLST</name>
           <styleUrl>#SchengenLine</styleUrl>
           <LineString>
               <coordinates>
                   4.2186111111111115,39.862500000000004,0
                   2.0832941,41.297445,0
               </coordinates>
           </LineString>
       </Placemark>
       <Placemark>
           <name>EK111</name>
           <styleUrl>#SchengenLine</styleUrl>
           <LineString>
               <coordinates>
                   7.416388888888889,47.18138888888889,0
                   2.0832941,41.297445,0
               </coordinates>
           </LineString>
       </Placemark>
       <Placemark>
           <name>ECMGY</name>
           <styleUrl>#SchengenLine</styleUrl>
           <LineString>
               <coordinates>
                   20.96722222222222,52.16583333333333,0
                   2.0832941,41.297445,0
               </coordinates>
           </LineString>
       </Placemark>
       <Placemark>
           <name>EIDAM</name>
           <styleUrl>#NoSchengenLine</styleUrl>
           <LineString>
               <coordinates>
                   0.23500000000000001,51.885,0
                   2.0832941,41.297445,0
               </coordinates>
           </LineString>
       </Placemark>
       <Placemark>
           <name>EIFJM</name>
           <styleUrl>#SchengenLine</styleUrl>
           <LineString>
               <coordinates>
                   17.91861111111111,59.651944444444446,0
                   2.0832941,41.297445,0
               </coordinates>
           </LineString>
       </Placemark>
       <Placemark>
           <name>DAISR</name>
           <styleUrl>#SchengenLine</styleUrl>
           <LineString>
               <coordinates>
                   8.570555555555556,50.03333333333333,0
                   2.0832941,41.297445,0
               </coordinates>
           </LineString>
       </Placemark>
       <Placemark>
           <name>CSTTN</name>
           <styleUrl>#SchengenLine</styleUrl>
           <LineString>
               <coordinates>
                   -9.134166666666665,38.774166666666666,0
                   2.0832941,41.297445,0
               </coordinates>
           </LineString>
       </Placemark>
       <Placemark>
           <name>EIDCJ</name>
           <styleUrl>#SchengenLine</styleUrl>
           <LineString>
               <coordinates>
                   9.700277777777776,45.66888888888889,0
                   2.0832941,41.297445,0
               </coordinates>
           </LineString>
       </Placemark>
       <Placemark>
           <name>OYRUP</name>
           <styleUrl>#NoSchengenLine</styleUrl>
           <LineString>
               <coordinates>
                   -16.341666666666665,28.482777777777777,0
                   2.0832941,41.297445,0
               </coordinates>
           </LineString>
       </Placemark>
       <Placemark>
           <name>ECIVJ</name>
           <styleUrl>#SchengenLine</styleUrl>
           <LineString>
               <coordinates>
                   1.3730555555555557,38.87277777777778,0
                   2.0832941,41.297445,0
               </coordinates>
           </LineString>
       </Placemark>
       <Placemark>
           <name>EIEFW</name>
           <styleUrl>#SchengenLine</styleUrl>
           <LineString>
               <coordinates>
                   4.484444444444445,50.90138888888889,0
                   2.0832941,41.297445,0
               </coordinates>
           </LineString>
       </Placemark>
       <Placemark>
           <name>LVCSX</name>
           <styleUrl>#NoSchengenLine</styleUrl>
           <LineString>
               <coordinates>
                   -58.53583333333333,-34.82222222222222,0
                   2.0832941,41.297445,0
               </coordinates>
           </LineString>
       </Placemark>
       <Placemark>
           <name>PHBXG</name>
           <styleUrl>#SchengenLine</styleUrl>
           <LineString>
               <coordinates>
                   4.764166666666667,52.308055555555555,0
                   2.0832941,41.297445,0
               </coordinates>
           </LineString>
       </Placemark>
       <Placemark>
           <name>LYVEO</name>
           <styleUrl>#SchengenLine</styleUrl>
           <LineString>
               <coordinates>
                   -8.415277777777778,42.896388888888886,0
                   2.0832941,41.297445,0
               </coordinates>
           </LineString>
       </Placemark>
       <Placemark>
           <name>ECMJZ</name>
           <styleUrl>#SchengenLine</styleUrl>
           <LineString>
               <coordinates>
                   -6.8213888888888885,38.89138888888889,0
                   2.0832941,41.297445,0
               </coordinates>
           </LineString>
       </Placemark>
       <Placemark>
           <name>VQBBG</name>
           <styleUrl>#NoSchengenLine</styleUrl>
           <LineString>
               <coordinates>
                   37.41305555555555,55.972500000000004,0
                   2.0832941,41.297445,0
               </coordinates>
           </LineString>
       </Placemark>
       <Placemark>
           <name>PTMSV</name>
           <styleUrl>#NoSchengenLine</styleUrl>
           <LineString>
               <coordinates>
                   -46.47,-23.433333333333334,0
                   2.0832941,41.297445,0
               </coordinates>
           </LineString>
       </Placemark>
       <Placemark>
           <name>HBJYL</name>
           <styleUrl>#SchengenLine</styleUrl>
           <LineString>
               <coordinates>
                   6.109444444444444,46.23833333333334,0
                   2.0832941,41.297445,0
               </coordinates>
           </LineString>
       </Placemark>
       <Placemark>
           <name>ECJPF</name>
           <styleUrl>#SchengenLine</styleUrl>
           <LineString>
               <coordinates>
                   -3.560833333333333,40.47222222222222,0
                   2.0832941,41.297445,0
               </coordinates>
           </LineString>
       </Placemark>
       <Placemark>
           <name>EIFJP</name>
           <styleUrl>#SchengenLine</styleUrl>
           <LineString>
               <coordinates>
                   2.738888888888889,39.55166666666666,0
                   2.0832941,41.297445,0
               </coordinates>
           </LineString>
       </Placemark>
       <Placemark>
           <name>HBJXE</name>
           <styleUrl>#SchengenLine</styleUrl>
           <LineString>
               <coordinates>
                   7.529166666666667,47.59,0
                   2.0832941,41.297445,0
               </coordinates>
           </LineString>
       </Placemark>
       <Placemark>
           <name>CNNMH</name>
           <styleUrl>#NoSchengenLine</styleUrl>
           <LineString>
               <coordinates>
                   -7.581666666666666,33.36416666666667,0
                   2.0832941,41.297445,0
               </coordinates>
           </LineString>
       </Placemark>
       <Placemark>
           <name>ECLML</name>
           <styleUrl>#SchengenLine</styleUrl>
           <LineString>
               <coordinates>
                   2.738888888888889,39.55166666666666,0
                   2.0832941,41.297445,0
               </coordinates>
           </LineString>
       </Placemark>
       <Placemark>
           <name>ECJNI</name>
           <styleUrl>#SchengenLine</styleUrl>
           <LineString>
               <coordinates>
                   -3.560833333333333,40.47222222222222,0
                   2.0832941,41.297445,0
               </coordinates>
           </LineString>
       </Placemark>
       <Placemark>
           <name>ECMKV</name>
           <styleUrl>#SchengenLine</styleUrl>
           <LineString>
               <coordinates>
                   6.204444444444444,49.623333333333335,0
                   2.0832941,41.297445,0
               </coordinates>
           </LineString>
       </Placemark>
       <Placemark>
           <name>ECJGM</name>
           <styleUrl>#SchengenLine</styleUrl>
           <LineString>
               <coordinates>
                   -2.9105555555555553,43.301111111111105,0
                   2.0832941,41.297445,0
               </coordinates>
           </LineString>
       </Placemark>
       <Placemark>
           <name>ECMBK</name>
           <styleUrl>#SchengenLine</styleUrl>
           <LineString>
               <coordinates>
                   -6.06,36.74472222222222,0
                   2.0832941,41.297445,0
               </coordinates>
           </LineString>
       </Placemark>
       <Placemark>
           <name>EIFJK</name>
           <styleUrl>#SchengenLine</styleUrl>
           <LineString>
               <coordinates>
                   24.96333333333333,60.31722222222223,0
                   2.0832941,41.297445,0
               </coordinates>
           </LineString>
       </Placemark>
       <Placemark>
           <name>ECMBF</name>
           <styleUrl>#SchengenLine</styleUrl>
           <LineString>
               <coordinates>
                   11.078055555555554,49.49861111111111,0
                   2.0832941,41.297445,0
               </coordinates>
           </LineString>
       </Placemark>
       <Placemark>
           <name>ECMLE</name>
           <styleUrl>#SchengenLine</styleUrl>
           <LineString>
               <coordinates>
                   5.374444444444444,51.45,0
                   2.0832941,41.297445,0
               </coordinates>
           </LineString>
       </Placemark>
       <Placemark>
           <name>ECMHB</name>
           <styleUrl>#SchengenLine</styleUrl>
           <LineString>
               <coordinates>
                   9.221944444444444,48.69,0
                   2.0832941,41.297445,0
               </coordinates>
           </LineString>
       </Placemark>
       <Placemark>
           <name>TCJIP</name>
           <styleUrl>#NoSchengenLine</styleUrl>
           <LineString>
               <coordinates>
                   28.81416666666667,40.976111111111116,0
                   2.0832941,41.297445,0
               </coordinates>
           </LineString>
       </Placemark>
       <Placemark>
           <name>TCDCF</name>
           <styleUrl>#NoSchengenLine</styleUrl>
           <LineString>
               <coordinates>
                   29.309166666666666,40.89833333333333,0
                   2.0832941,41.297445,0
               </coordinates>
           </LineString>
       </Placemark>
       <Placemark>
           <name>ECLZN</name>
           <styleUrl>#NoSchengenLine</styleUrl>
           <LineString>
               <coordinates>
                   -1.6897222222222223,55.03805555555555,0
                   2.0832941,41.297445,0
               </coordinates>
           </LineString>
       </Placemark>
       <Placemark>
           <name>IBIXS</name>
           <styleUrl>#SchengenLine</styleUrl>
           <LineString>
               <coordinates>
                   12.238888888888889,41.80027777777777,0
                   2.0832941,41.297445,0
               </coordinates>
           </LineString>
       </Placemark>
       <Placemark>
           <name>VPBAS</name>
           <styleUrl>#NoSchengenLine</styleUrl>
           <LineString>
               <coordinates>
                   37.906388888888884,55.40861111111111,0
                   2.0832941,41.297445,0
               </coordinates>
           </LineString>
       </Placemark>
       <Placemark>
           <name>ECMBS</name>
           <styleUrl>#SchengenLine</styleUrl>
           <LineString>
               <coordinates>
                   -5.898888888888888,37.418055555555554,0
                   2.0832941,41.297445,0
               </coordinates>
           </LineString>
       </Placemark>
       <Placemark>
           <name>ECJFF</name>
           <styleUrl>#NoSchengenLine</styleUrl>
           <LineString>
               <coordinates>
                   -13.863888888888889,28.452777777777776,0
                   2.0832941,41.297445,0
               </coordinates>
           </LineString>
       </Placemark>
       <Placemark>
           <name>LNRRG</name>
           <styleUrl>#SchengenLine</styleUrl>
           <LineString>
               <coordinates>
                   11.08388888888889,60.20277777777778,0
                   2.0832941,41.297445,0
               </coordinates>
           </LineString>
       </Placemark>
       <Placemark>
           <name>ECJTQ</name>
           <styleUrl>#SchengenLine</styleUrl>
           <LineString>
               <coordinates>
                   2.5477777777777777,49.00972222222222,0
                   2.0832941,41.297445,0
               </coordinates>
           </LineString>
       </Placemark>
       <Placemark>
           <name>ECLQK</name>
           <styleUrl>#SchengenLine</styleUrl>
           <LineString>
               <coordinates>
                   -3.777222222222222,37.18861111111111,0
                   2.0832941,41.297445,0
               </coordinates>
           </LineString>
       </Placemark>
       <Placemark>
           <name>ECMKX</name>
           <styleUrl>#SchengenLine</styleUrl>
           <LineString>
               <coordinates>
                   2.3794444444444447,48.723333333333336,0
                   2.0832941,41.297445,0
               </coordinates>
           </LineString>
       </Placemark>
       <Placemark>
           <name>ECLVO</name>
           <styleUrl>#SchengenLine</styleUrl>
           <LineString>
               <coordinates>
                   4.2186111111111115,39.862500000000004,0
                   2.0832941,41.297445,0
               </coordinates>
           </LineString>
       </Placemark>
       <Placemark>
           <name>N483CM</name>
           <styleUrl>#NoSchengenLine</styleUrl>
           <LineString>
               <coordinates>
                   18.26833333333333,42.561388888888885,0
                   2.0832941,41.297445,0
               </coordinates>
           </LineString>
       </Placemark>
       <Placemark>
           <name>FHEPB</name>
           <styleUrl>#SchengenLine</styleUrl>
           <LineString>
               <coordinates>
                   2.5477777777777777,49.00972222222222,0
                   2.0832941,41.297445,0
               </coordinates>
           </LineString>
       </Placemark>
       <Placemark>
           <name>ECMBY</name>
           <styleUrl>#NoSchengenLine</styleUrl>
           <LineString>
               <coordinates>
                   -2.8497222222222223,53.33361111111111,0
                   2.0832941,41.297445,0
               </coordinates>
           </LineString>
       </Placemark>
       <Placemark>
           <name>ECMKM</name>
           <styleUrl>#SchengenLine</styleUrl>
           <LineString>
               <coordinates>
                   -0.5580555555555556,38.282222222222224,0
                   2.0832941,41.297445,0
               </coordinates>
           </LineString>
       </Placemark>
       <Placemark>
           <name>DIERF</name>
           <styleUrl>#SchengenLine</styleUrl>
           <LineString>
               <coordinates>
                   11.078055555555554,49.49861111111111,0
                   2.0832941,41.297445,0
               </coordinates>
           </LineString>
       </Placemark>
       <Placemark>
           <name>DAIRD</name>
           <styleUrl>#SchengenLine</styleUrl>
           <LineString>
               <coordinates>
                   11.786111111111111,48.35388888888889,0
                   2.0832941,41.297445,0
               </coordinates>
           </LineString>
       </Placemark>
       <Placemark>
           <name>ECJFN</name>
           <styleUrl>#SchengenLine</styleUrl>
           <LineString>
               <coordinates>
                   -3.560833333333333,40.47222222222222,0
                   2.0832941,41.297445,0
               </coordinates>
           </LineString>
       </Placemark>
       <Placemark>
           <name>HBIOH</name>
           <styleUrl>#SchengenLine</styleUrl>
           <LineString>
               <coordinates>
                   8.548055555555555,47.45805555555556,0
                   2.0832941,41.297445,0
               </coordinates>
           </LineString>
       </Placemark>
       <Placemark>
           <name>ECKCU</name>
           <styleUrl>#SchengenLine</styleUrl>
           <LineString>
               <coordinates>
                   4.484444444444445,50.90138888888889,0
                   2.0832941,41.297445,0
               </coordinates>
           </LineString>
       </Placemark>
       <Placemark>
           <name>EIDHT</name>
           <styleUrl>#SchengenLine</styleUrl>
           <LineString>
               <coordinates>
                   1.3730555555555557,38.87277777777778,0
                   2.0832941,41.297445,0
               </coordinates>
           </LineString>
       </Placemark>
       <Placemark>
           <name>ECLZF</name>
           <styleUrl>#SchengenLine</styleUrl>
           <LineString>
               <coordinates>
                   -2.9105555555555553,43.301111111111105,0
                   2.0832941,41.297445,0
               </coordinates>
           </LineString>
       </Placemark>
       <Placemark>
           <name>GTTOE</name>
           <styleUrl>#NoSchengenLine</styleUrl>
           <LineString>
               <coordinates>
                   -0.4613888888888889,51.4775,0
                   2.0832941,41.297445,0
               </coordinates>
           </LineString>
       </Placemark>
       <Placemark>
           <name>ECLAA</name>
           <styleUrl>#SchengenLine</styleUrl>
           <LineString>
               <coordinates>
                   9.988333333333333,53.63027777777778,0
                   2.0832941,41.297445,0
               </coordinates>
           </LineString>
       </Placemark>
       <Placemark>
           <name>EIEPG</name>
           <styleUrl>#NoSchengenLine</styleUrl>
           <LineString>
               <coordinates>
                   -2.8497222222222223,53.33361111111111,0
                   2.0832941,41.297445,0
               </coordinates>
           </LineString>
       </Placemark>
       <Placemark>
           <name>ECMKN</name>
           <styleUrl>#SchengenLine</styleUrl>
           <LineString>
               <coordinates>
                   9.68361111111111,52.46027777777778,0
                   2.0832941,41.297445,0
               </coordinates>
           </LineString>
       </Placemark>
       <Placemark>
           <name>ECHHA</name>
           <styleUrl>#SchengenLine</styleUrl>
           <LineString>
               <coordinates>
                   1.3730555555555557,38.87277777777778,0
                   2.0832941,41.297445,0
               </coordinates>
           </LineString>
       </Placemark>
       <Placemark>
           <name>ECLXV</name>
           <styleUrl>#SchengenLine</styleUrl>
           <LineString>
               <coordinates>
                   2.738888888888889,39.55166666666666,0
                   2.0832941,41.297445,0
               </coordinates>
           </LineString>
       </Placemark>
       <Placemark>
           <name>CNRGG</name>
           <styleUrl>#NoSchengenLine</styleUrl>
           <LineString>
               <coordinates>
                   -7.581666666666666,33.36416666666667,0
                   2.0832941,41.297445,0
               </coordinates>
           </LineString>
       </Placemark>
       <Placemark>
           <name>DAIDQ</name>
           <styleUrl>#SchengenLine</styleUrl>
           <LineString>
               <coordinates>
                   8.570555555555556,50.03333333333333,0
                   2.0832941,41.297445,0
               </coordinates>
           </LineString>
       </Placemark>
       <Placemark>
           <name>GEZWZ</name>
           <styleUrl>#SchengenLine</styleUrl>
           <LineString>
               <coordinates>
                   2.5477777777777777,49.00972222222222,0
                   2.0832941,41.297445,0
               </coordinates>
           </LineString>
       </Placemark>
       <Placemark>
           <name>ECMGZ</name>
           <styleUrl>#NoSchengenLine</styleUrl>
           <LineString>
               <coordinates>
                   -0.19027777777777777,51.14805555555556,0
                   2.0832941,41.297445,0
               </coordinates>
           </LineString>
       </Placemark>
       <Placemark>
           <name>SXABE</name>
           <styleUrl>#SchengenLine</styleUrl>
           <LineString>
               <coordinates>
                   -0.7152777777777777,44.828611111111115,0
                   2.0832941,41.297445,0
               </coordinates>
           </LineString>
       </Placemark>
       <Placemark>
           <name>ECMEQ</name>
           <styleUrl>#SchengenLine</styleUrl>
           <LineString>
               <coordinates>
                   -9.134166666666665,38.774166666666666,0
                   2.0832941,41.297445,0
               </coordinates>
           </LineString>
       </Placemark>
       <Placemark>
           <name>GEZTA</name>
           <styleUrl>#NoSchengenLine</styleUrl>
           <LineString>
               <coordinates>
                   -0.19027777777777777,51.14805555555556,0
                   2.0832941,41.297445,0
               </coordinates>
           </LineString>
       </Placemark>
       <Placemark>
           <name>ECLZE</name>
           <styleUrl>#SchengenLine</styleUrl>
           <LineString>
               <coordinates>
                   12.351944444444444,45.50527777777778,0
                   2.0832941,41.297445,0
               </coordinates>
           </LineString>
       </Placemark>
       <Placemark>
           <name>ECLRN</name>
           <styleUrl>#SchengenLine</styleUrl>
           <LineString>
               <coordinates>
                   13.099444444444446,38.18194444444444,0
                   2.0832941,41.297445,0
               </coordinates>
           </LineString>
       </Placemark>
       <Placemark>
           <name>ECHQI</name>
           <styleUrl>#SchengenLine</styleUrl>
           <LineString>
               <coordinates>
                   16.765,41.13805555555555,0
                   2.0832941,41.297445,0
               </coordinates>
           </LineString>
       </Placemark>
       <Placemark>
           <name>ECHQJ</name>
           <styleUrl>#SchengenLine</styleUrl>
           <LineString>
               <coordinates>
                   16.56972222222222,48.11027777777778,0
                   2.0832941,41.297445,0
               </coordinates>
           </LineString>
       </Placemark>
       <Placemark>
           <name>ECMAI</name>
           <styleUrl>#SchengenLine</styleUrl>
           <LineString>
               <coordinates>
                   1.3730555555555557,38.87277777777778,0
                   2.0832941,41.297445,0
               </coordinates>
           </LineString>
       </Placemark>
       <Placemark>
           <name>ECMLD</name>
           <styleUrl>#SchengenLine</styleUrl>
           <LineString>
               <coordinates>
                   11.786111111111111,48.35388888888889,0
                   2.0832941,41.297445,0
               </coordinates>
           </LineString>
       </Placemark>
       <Placemark>
           <name>FGUGO</name>
           <styleUrl>#SchengenLine</styleUrl>
           <LineString>
               <coordinates>
                   2.5477777777777777,49.00972222222222,0
                   2.0832941,41.297445,0
               </coordinates>
           </LineString>
       </Placemark>
       <Placemark>
           <name>ECMJR</name>
           <styleUrl>#SchengenLine</styleUrl>
           <LineString>
               <coordinates>
                   14.290833333333333,40.88444444444444,0
                   2.0832941,41.297445,0
               </coordinates>
           </LineString>
       </Placemark>
       <Placemark>
           <name>ECLUN</name>
           <styleUrl>#SchengenLine</styleUrl>
           <LineString>
               <coordinates>
                   5.215,43.43666666666666,0
                   2.0832941,41.297445,0
               </coordinates>
           </LineString>
       </Placemark>
       <Placemark>
           <name>ECKRN</name>
           <styleUrl>#NoSchengenLine</styleUrl>
           <LineString>
               <coordinates>
                   -8.040833333333333,31.608611111111113,0
                   2.0832941,41.297445,0
               </coordinates>
           </LineString>
       </Placemark>
       <Placemark>
           <name>EIDHG</name>
           <styleUrl>#SchengenLine</styleUrl>
           <LineString>
               <coordinates>
                   12.238888888888889,41.80027777777777,0
                   2.0832941,41.297445,0
               </coordinates>
           </LineString>
       </Placemark>
       <Placemark>
           <name>GEZUM</name>
           <styleUrl>#SchengenLine</styleUrl>
           <LineString>
               <coordinates>
                   6.109444444444444,46.23833333333334,0
                   2.0832941,41.297445,0
               </coordinates>
           </LineString>
       </Placemark>
       <Placemark>
           <name>ECLVP</name>
           <styleUrl>#SchengenLine</styleUrl>
           <LineString>
               <coordinates>
                   6.109444444444444,46.23833333333334,0
                   2.0832941,41.297445,0
               </coordinates>
           </LineString>
       </Placemark>
       <Placemark>
           <name>ECIXD</name>
           <styleUrl>#SchengenLine</styleUrl>
           <LineString>
               <coordinates>
                   -3.560833333333333,40.47222222222222,0
                   2.0832941,41.297445,0
               </coordinates>
           </LineString>
       </Placemark>
       <Placemark>
           <name>ECLZZ</name>
           <styleUrl>#SchengenLine</styleUrl>
           <LineString>
               <coordinates>
                   12.238888888888889,41.80027777777777,0
                   2.0832941,41.297445,0
               </coordinates>
           </LineString>
       </Placemark>
       <Placemark>
           <name>PHBXE</name>
           <styleUrl>#SchengenLine</styleUrl>
           <LineString>
               <coordinates>
                   4.764166666666667,52.308055555555555,0
                   2.0832941,41.297445,0
               </coordinates>
           </LineString>
       </Placemark>
       <Placemark>
           <name>ECLRM</name>
           <styleUrl>#NoSchengenLine</styleUrl>
           <LineString>
               <coordinates>
                   -3.3433333333333333,51.39666666666667,0
                   2.0832941,41.297445,0
               </coordinates>
           </LineString>
       </Placemark>
       <Placemark>
           <name>ECMGY</name>
           <styleUrl>#SchengenLine</styleUrl>
           <LineString>
               <coordinates>
                   1.3730555555555557,38.87277777777778,0
                   2.0832941,41.297445,0
               </coordinates>
           </LineString>
       </Placemark>
       <Placemark>
           <name>ECJYX</name>
           <styleUrl>#SchengenLine</styleUrl>
           <LineString>
               <coordinates>
                   -3.82,43.426944444444445,0
                   2.0832941,41.297445,0
               </coordinates>
           </LineString>
       </Placemark>
       <Placemark>
           <name>EIFIY</name>
           <styleUrl>#SchengenLine</styleUrl>
           <LineString>
               <coordinates>
                   -4.851944444444444,41.70611111111111,0
                   2.0832941,41.297445,0
               </coordinates>
           </LineString>
       </Placemark>
       <Placemark>
           <name>DAICG</name>
           <styleUrl>#SchengenLine</styleUrl>
           <LineString>
               <coordinates>
                   9.221944444444444,48.69,0
                   2.0832941,41.297445,0
               </coordinates>
           </LineString>
       </Placemark>
       <Placemark>
           <name>CSTPA</name>
           <styleUrl>#SchengenLine</styleUrl>
           <LineString>
               <coordinates>
                   -9.134166666666665,38.774166666666666,0
                   2.0832941,41.297445,0
               </coordinates>
           </LineString>
       </Placemark>
       <Placemark>
           <name>EIDWK</name>
           <styleUrl>#SchengenLine</styleUrl>
           <LineString>
               <coordinates>
                   4.2186111111111115,39.862500000000004,0
                   2.0832941,41.297445,0
               </coordinates>
           </LineString>
       </Placemark>
       <Placemark>
           <name>GOZBW</name>
           <styleUrl>#NoSchengenLine</styleUrl>
           <LineString>
               <coordinates>
                   -1.6608333333333332,53.86611111111111,0
                   2.0832941,41.297445,0
               </coordinates>
           </LineString>
       </Placemark>
       <Placemark>
           <name>ECMMH</name>
           <styleUrl>#NoSchengenLine</styleUrl>
           <LineString>
               <coordinates>
                   -16.341666666666665,28.482777777777777,0
                   2.0832941,41.297445,0
               </coordinates>
           </LineString>
       </Placemark>
       <Placemark>
           <name>EIDHX</name>
           <styleUrl>#NoSchengenLine</styleUrl>
           <LineString>
               <coordinates>
                   0.23500000000000001,51.885,0
                   2.0832941,41.297445,0
               </coordinates>
           </LineString>
       </Placemark>
       <Placemark>
           <name>EIDHO</name>
           <styleUrl>#SchengenLine</styleUrl>
           <LineString>
               <coordinates>
                   16.90361111111111,58.78861111111111,0
                   2.0832941,41.297445,0
               </coordinates>
           </LineString>
       </Placemark>
       <Placemark>
           <name>ECMHS</name>
           <styleUrl>#NoSchengenLine</styleUrl>
           <LineString>
               <coordinates>
                   -13.605277777777777,28.945555555555554,0
                   2.0832941,41.297445,0
               </coordinates>
           </LineString>
       </Placemark>
       <Placemark>
           <name>DAISL</name>
           <styleUrl>#SchengenLine</styleUrl>
           <LineString>
               <coordinates>
                   8.570555555555556,50.03333333333333,0
                   2.0832941,41.297445,0
               </coordinates>
           </LineString>
       </Placemark>
       <Placemark>
           <name>HALPX</name>
           <styleUrl>#NoSchengenLine</styleUrl>
           <LineString>
               <coordinates>
                   23.692222222222224,46.78916666666667,0
                   2.0832941,41.297445,0
               </coordinates>
           </LineString>
       </Placemark>
       <Placemark>
           <name>HALWY</name>
           <styleUrl>#SchengenLine</styleUrl>
           <LineString>
               <coordinates>
                   23.97111111111111,56.92361111111111,0
                   2.0832941,41.297445,0
               </coordinates>
           </LineString>
       </Placemark>
       <Placemark>
           <name>ECJFT</name>
           <styleUrl>#SchengenLine</styleUrl>
           <LineString>
               <coordinates>
                   2.738888888888889,39.55166666666666,0
                   2.0832941,41.297445,0
               </coordinates>
           </LineString>
       </Placemark>
       <Placemark>
           <name>LNDYP</name>
           <styleUrl>#SchengenLine</styleUrl>
           <LineString>
               <coordinates>
                   17.91861111111111,59.651944444444446,0
                   2.0832941,41.297445,0
               </coordinates>
           </LineString>
       </Placemark>
       <Placemark>
           <name>DABZA</name>
           <styleUrl>#SchengenLine</styleUrl>
           <LineString>
               <coordinates>
                   6.7572222222222225,51.280833333333334,0
                   2.0832941,41.297445,0
               </coordinates>
           </LineString>
       </Placemark>
       <Placemark>
           <name>GEZIM</name>
           <styleUrl>#SchengenLine</styleUrl>
           <LineString>
               <coordinates>
                   13.500555555555556,52.36222222222222,0
                   2.0832941,41.297445,0
               </coordinates>
           </LineString>
       </Placemark>
       <Placemark>
           <name>ECLQM</name>
           <styleUrl>#SchengenLine</styleUrl>
           <LineString>
               <coordinates>
                   13.287777777777778,52.55972222222222,0
                   2.0832941,41.297445,0
               </coordinates>
           </LineString>
       </Placemark>
       <Placemark>
           <name>DAIQK</name>
           <styleUrl>#SchengenLine</styleUrl>
           <LineString>
               <coordinates>
                   7.142777777777778,50.865833333333335,0
                   2.0832941,41.297445,0
               </coordinates>
           </LineString>
       </Placemark>
       <Placemark>
           <name>ECLRG</name>
           <styleUrl>#NoSchengenLine</styleUrl>
           <LineString>
               <coordinates>
                   -1.6608333333333332,53.86611111111111,0
                   2.0832941,41.297445,0
               </coordinates>
           </LineString>
       </Placemark>
       <Placemark>
           <name>ECMFB</name>
           <styleUrl>#SchengenLine</styleUrl>
           <LineString>
               <coordinates>
                   11.08388888888889,60.20277777777778,0
                   2.0832941,41.297445,0
               </coordinates>
           </LineString>
       </Placemark>
       <Placemark>
           <name>ECMLM</name>
           <styleUrl>#SchengenLine</styleUrl>
           <LineString>
               <coordinates>
                   2.3794444444444447,48.723333333333336,0
                   2.0832941,41.297445,0
               </coordinates>
           </LineString>
       </Placemark>
       <Placemark>
           <name>DASXJ</name>
           <styleUrl>#SchengenLine</styleUrl>
           <LineString>
               <coordinates>
                   6.7572222222222225,51.280833333333334,0
                   2.0832941,41.297445,0
               </coordinates>
           </LineString>
       </Placemark>
       <Placemark>
           <name>ECMMU</name>
           <styleUrl>#NoSchengenLine</styleUrl>
           <LineString>
               <coordinates>
                   -15.386666666666667,27.931944444444447,0
                   2.0832941,41.297445,0
               </coordinates>
           </LineString>
       </Placemark>
       <Placemark>
           <name>ECLUT</name>
           <styleUrl>#NoSchengenLine</styleUrl>
           <LineString>
               <coordinates>
                   -16.341666666666665,28.482777777777777,0
                   2.0832941,41.297445,0
               </coordinates>
           </LineString>
       </Placemark>
       <Placemark>
           <name>HBIOM</name>
           <styleUrl>#SchengenLine</styleUrl>
           <LineString>
               <coordinates>
                   8.548055555555555,47.45805555555556,0
                   2.0832941,41.297445,0
               </coordinates>
           </LineString>
       </Placemark>
       <Placemark>
           <name>ECMEA</name>
           <styleUrl>#SchengenLine</styleUrl>
           <LineString>
               <coordinates>
                   8.723055555555556,45.63,0
                   2.0832941,41.297445,0
               </coordinates>
           </LineString>
       </Placemark>
       <Placemark>
           <name>FGRXE</name>
           <styleUrl>#SchengenLine</styleUrl>
           <LineString>
               <coordinates>
                   2.5477777777777777,49.00972222222222,0
                   2.0832941,41.297445,0
               </coordinates>
           </LineString>
       </Placemark>
       <Placemark>
           <name>GEUUT</name>
           <styleUrl>#NoSchengenLine</styleUrl>
           <LineString>
               <coordinates>
                   -0.4613888888888889,51.4775,0
                   2.0832941,41.297445,0
               </coordinates>
           </LineString>
       </Placemark>
       <Placemark>
           <name>ECLQN</name>
           <styleUrl>#SchengenLine</styleUrl>
           <LineString>
               <coordinates>
                   8.548055555555555,47.45805555555556,0
                   2.0832941,41.297445,0
               </coordinates>
           </LineString>
       </Placemark>
       <Placemark>
           <name>LYVEV</name>
           <styleUrl>#SchengenLine</styleUrl>
           <LineString>
               <coordinates>
                   2.738888888888889,39.55166666666666,0
                   2.0832941,41.297445,0
               </coordinates>
           </LineString>
       </Placemark>
       <Placemark>
           <name>ECJTR</name>
           <styleUrl>#SchengenLine</styleUrl>
           <LineString>
               <coordinates>
                   4.2186111111111115,39.862500000000004,0
                   2.0832941,41.297445,0
               </coordinates>
           </LineString>
       </Placemark>
       <Placemark>
           <name>9HVMK</name>
           <styleUrl>#SchengenLine</styleUrl>
           <LineString>
               <coordinates>
                   12.351944444444444,45.50527777777778,0
                   2.0832941,41.297445,0
               </coordinates>
           </LineString>
       </Placemark>
       <Placemark>
           <name>ECMKV</name>
           <styleUrl>#SchengenLine</styleUrl>
           <LineString>
               <coordinates>
                   -1.7905555555555555,43.35638888888889,0
                   2.0832941,41.297445,0
               </coordinates>
           </LineString>
       </Placemark>
       <Placemark>
           <name>CGDEJ</name>
           <styleUrl>#SchengenLine</styleUrl>
           <LineString>
               <coordinates>
                   4.437222222222222,51.956944444444446,0
                   2.0832941,41.297445,0
               </coordinates>
           </LineString>
       </Placemark>
       <Placemark>
           <name>ECHUH</name>
           <styleUrl>#SchengenLine</styleUrl>
           <LineString>
               <coordinates>
                   -3.560833333333333,40.47222222222222,0
                   2.0832941,41.297445,0
               </coordinates>
           </LineString>
       </Placemark>
       <Placemark>
           <name>ECLLM</name>
           <styleUrl>#SchengenLine</styleUrl>
           <LineString>
               <coordinates>
                   1.3730555555555557,38.87277777777778,0
                   2.0832941,41.297445,0
               </coordinates>
           </LineString>
       </Placemark>
       <Placemark>
           <name>OEIEW</name>
           <styleUrl>#SchengenLine</styleUrl>
           <LineString>
               <coordinates>
                   16.56972222222222,48.11027777777778,0
                   2.0832941,41.297445,0
               </coordinates>
           </LineString>
       </Placemark>
       <Placemark>
           <name>ECLLJ</name>
           <styleUrl>#SchengenLine</styleUrl>
           <LineString>
               <coordinates>
                   1.3730555555555557,38.87277777777778,0
                   2.0832941,41.297445,0
               </coordinates>
           </LineString>
       </Placemark>
       <Placemark>
           <name>EIEFN</name>
           <styleUrl>#SchengenLine</styleUrl>
           <LineString>
               <coordinates>
                   4.484444444444445,50.90138888888889,0
                   2.0832941,41.297445,0
               </coordinates>
           </LineString>
       </Placemark>
       <Placemark>
           <name>GEZEG</name>
           <styleUrl>#NoSchengenLine</styleUrl>
           <LineString>
               <coordinates>
                   -0.19027777777777777,51.14805555555556,0
                   2.0832941,41.297445,0
               </coordinates>
           </LineString>
       </Placemark>
       <Placemark>
           <name>EIDCM</name>
           <styleUrl>#SchengenLine</styleUrl>
           <LineString>
               <coordinates>
                   12.238888888888889,41.80027777777777,0
                   2.0832941,41.297445,0
               </coordinates>
           </LineString>
       </Placemark>
       <Placemark>
           <name>A7ACD</name>
           <styleUrl>#NoSchengenLine</styleUrl>
           <LineString>
               <coordinates>
                   51.608333333333334,25.274444444444445,0
                   2.0832941,41.297445,0
               </coordinates>
           </LineString>
       </Placemark>
       <Placemark>
           <name>7TVJM</name>
           <styleUrl>#NoSchengenLine</styleUrl>
           <LineString>
               <coordinates>
                   3.2144444444444447,36.693888888888885,0
                   2.0832941,41.297445,0
               </coordinates>
           </LineString>
       </Placemark>
       <Placemark>
           <name>EIDAE</name>
           <styleUrl>#SchengenLine</styleUrl>
           <LineString>
               <coordinates>
                   -8.627500000000001,42.22916666666667,0
                   2.0832941,41.297445,0
               </coordinates>
           </LineString>
       </Placemark>
       <Placemark>
           <name>HBJYK</name>
           <styleUrl>#SchengenLine</styleUrl>
           <LineString>
               <coordinates>
                   6.109444444444444,46.23833333333334,0
                   2.0832941,41.297445,0
               </coordinates>
           </LineString>
       </Placemark>
       <Placemark>
           <name>HALYG</name>
           <styleUrl>#SchengenLine</styleUrl>
           <LineString>
               <coordinates>
                   19.08,50.47416666666667,0
                   2.0832941,41.297445,0
               </coordinates>
           </LineString>
       </Placemark>
       <Placemark>
           <name>GEZBU</name>
           <styleUrl>#NoSchengenLine</styleUrl>
           <LineString>
               <coordinates>
                   0.6933333333333334,51.57027777777778,0
                   2.0832941,41.297445,0
               </coordinates>
           </LineString>
       </Placemark>
       <Placemark>
           <name>OHLZB</name>
           <styleUrl>#SchengenLine</styleUrl>
           <LineString>
               <coordinates>
                   24.96333333333333,60.31722222222223,0
                   2.0832941,41.297445,0
               </coordinates>
           </LineString>
       </Placemark>
       <Placemark>
           <name>GEUYC</name>
           <styleUrl>#NoSchengenLine</styleUrl>
           <LineString>
               <coordinates>
                   -0.4613888888888889,51.4775,0
                   2.0832941,41.297445,0
               </coordinates>
           </LineString>
       </Placemark>
       <Placemark>
           <name>HBJYE</name>
           <styleUrl>#SchengenLine</styleUrl>
           <LineString>
               <coordinates>
                   7.529166666666667,47.59,0
                   2.0832941,41.297445,0
               </coordinates>
           </LineString>
       </Placemark>
       <Placemark>
           <name>ECMBK</name>
           <styleUrl>#SchengenLine</styleUrl>
           <LineString>
               <coordinates>
                   1.3730555555555557,38.87277777777778,0
                   2.0832941,41.297445,0
               </coordinates>
           </LineString>
       </Placemark>
       <Placemark>
           <name>A6EEH</name>
           <styleUrl>#NoSchengenLine</styleUrl>
           <LineString>
               <coordinates>
                   55.36,25.249166666666667,0
                   2.0832941,41.297445,0
               </coordinates>
           </LineString>
       </Placemark>
       <Placemark>
           <name>OELEF</name>
           <styleUrl>#SchengenLine</styleUrl>
           <LineString>
               <coordinates>
                   16.56972222222222,48.11027777777778,0
                   2.0832941,41.297445,0
               </coordinates>
           </LineString>
       </Placemark>
       <Placemark>
           <name>OOSSK</name>
           <styleUrl>#SchengenLine</styleUrl>
           <LineString>
               <coordinates>
                   4.484444444444445,50.90138888888889,0
                   2.0832941,41.297445,0
               </coordinates>
           </LineString>
       </Placemark>
       <Placemark>
           <name>ECLML</name>
           <styleUrl>#SchengenLine</styleUrl>
           <LineString>
               <coordinates>
                   5.0811111111111105,45.72555555555556,0
                   2.0832941,41.297445,0
               </coordinates>
           </LineString>
       </Placemark>
       <Placemark>
           <name>EIEFI</name>
           <styleUrl>#NoSchengenLine</styleUrl>
           <LineString>
               <coordinates>
                   -6.27,53.421388888888885,0
                   2.0832941,41.297445,0
               </coordinates>
           </LineString>
       </Placemark>
       <Placemark>
           <name>HBIJQ</name>
           <styleUrl>#SchengenLine</styleUrl>
           <LineString>
               <coordinates>
                   6.109444444444444,46.23833333333334,0
                   2.0832941,41.297445,0
               </coordinates>
           </LineString>
       </Placemark>
       <Placemark>
           <name>GEZFY</name>
           <styleUrl>#NoSchengenLine</styleUrl>
           <LineString>
               <coordinates>
                   -1.6897222222222223,55.03805555555555,0
                   2.0832941,41.297445,0
               </coordinates>
           </LineString>
       </Placemark>
       <Placemark>
           <name>CSTRN</name>
           <styleUrl>#SchengenLine</styleUrl>
           <LineString>
               <coordinates>
                   17.91861111111111,59.651944444444446,0
                   2.0832941,41.297445,0
               </coordinates>
           </LineString>
       </Placemark>
       <Placemark>
           <name>EIDHB</name>
           <styleUrl>#SchengenLine</styleUrl>
           <LineString>
               <coordinates>
                   -5.898888888888888,37.418055555555554,0
                   2.0832941,41.297445,0
               </coordinates>
           </LineString>
       </Placemark>
       <Placemark>
           <name>FGZHY</name>
           <styleUrl>#SchengenLine</styleUrl>
           <LineString>
               <coordinates>
                   2.3794444444444447,48.723333333333336,0
                   2.0832941,41.297445,0
               </coordinates>
           </LineString>
       </Placemark>
       <Placemark>
           <name>EIDHH</name>
           <styleUrl>#NoSchengenLine</styleUrl>
           <LineString>
               <coordinates>
                   -13.605277777777777,28.945555555555554,0
                   2.0832941,41.297445,0
               </coordinates>
           </LineString>
       </Placemark>
       <Placemark>
           <name>ECJBX</name>
           <styleUrl>#SchengenLine</styleUrl>
           <LineString>
               <coordinates>
                   2.738888888888889,39.55166666666666,0
                   2.0832941,41.297445,0
               </coordinates>
           </LineString>
       </Placemark>
       <Placemark>
           <name>ECLVS</name>
           <styleUrl>#SchengenLine</styleUrl>
           <LineString>
               <coordinates>
                   -4.4991666666666665,36.675,0
                   2.0832941,41.297445,0
               </coordinates>
           </LineString>
       </Placemark>
       <Placemark>
           <name>HALYL</name>
           <styleUrl>#NoSchengenLine</styleUrl>
           <LineString>
               <coordinates>
                   21.62138888888889,41.961666666666666,0
                   2.0832941,41.297445,0
               </coordinates>
           </LineString>
       </Placemark>
       <Placemark>
           <name>EIDWA</name>
           <styleUrl>#NoSchengenLine</styleUrl>
           <LineString>
               <coordinates>
                   -4.594444444444444,55.50944444444445,0
                   2.0832941,41.297445,0
               </coordinates>
           </LineString>
       </Placemark>
       <Placemark>
           <name>ECJPK</name>
           <styleUrl>#SchengenLine</styleUrl>
           <LineString>
               <coordinates>
                   -3.560833333333333,40.47222222222222,0
                   2.0832941,41.297445,0
               </coordinates>
           </LineString>
       </Placemark>
       <Placemark>
           <name>ECLST</name>
           <styleUrl>#SchengenLine</styleUrl>
           <LineString>
               <coordinates>
                   4.2186111111111115,39.862500000000004,0
                   2.0832941,41.297445,0
               </coordinates>
           </LineString>
       </Placemark>
       <Placemark>
           <name>ECLOB</name>
           <styleUrl>#SchengenLine</styleUrl>
           <LineString>
               <coordinates>
                   4.764166666666667,52.308055555555555,0
                   2.0832941,41.297445,0
               </coordinates>
           </LineString>
       </Placemark>
       <Placemark>
           <name>ECJTQ</name>
           <styleUrl>#SchengenLine</styleUrl>
           <LineString>
               <coordinates>
                   -4.851944444444444,41.70611111111111,0
                   2.0832941,41.297445,0
               </coordinates>
           </LineString>
       </Placemark>
       <Placemark>
           <name>GEZFG</name>
           <styleUrl>#NoSchengenLine</styleUrl>
           <LineString>
               <coordinates>
                   -2.8497222222222223,53.33361111111111,0
                   2.0832941,41.297445,0
               </coordinates>
           </LineString>
       </Placemark>
       <Placemark>
           <name>EIDLH</name>
           <styleUrl>#NoSchengenLine</styleUrl>
           <LineString>
               <coordinates>
                   -15.386666666666667,27.931944444444447,0
                   2.0832941,41.297445,0
               </coordinates>
           </LineString>
       </Placemark>
       <Placemark>
           <name>ECJGM</name>
           <styleUrl>#SchengenLine</styleUrl>
           <LineString>
               <coordinates>
                   -3.560833333333333,40.47222222222222,0
                   2.0832941,41.297445,0
               </coordinates>
           </LineString>
       </Placemark>
       <Placemark>
           <name>CSTTN</name>
           <styleUrl>#SchengenLine</styleUrl>
           <LineString>
               <coordinates>
                   -9.134166666666665,38.774166666666666,0
                   2.0832941,41.297445,0
               </coordinates>
           </LineString>
       </Placemark>
       <Placemark>
           <name>HALYO</name>
           <styleUrl>#NoSchengenLine</styleUrl>
           <LineString>
               <coordinates>
                   23.40833333333333,42.69499999999999,0
                   2.0832941,41.297445,0
               </coordinates>
           </LineString>
       </Placemark>
       <Placemark>
           <name>ECLZO</name>
           <styleUrl>#SchengenLine</styleUrl>
           <LineString>
               <coordinates>
                   12.65611111111111,55.61805555555556,0
                   2.0832941,41.297445,0
               </coordinates>
           </LineString>
       </Placemark>
       <Placemark>
           <name>N900AL</name>
           <styleUrl>#NoSchengenLine</styleUrl>
           <LineString>
               <coordinates>
                   39.20333333333333,-6.875555555555556,0
                   2.0832941,41.297445,0
               </coordinates>
           </LineString>
       </Placemark>
       <Placemark>
           <name>DAIRB</name>
           <styleUrl>#SchengenLine</styleUrl>
           <LineString>
               <coordinates>
                   11.786111111111111,48.35388888888889,0
                   2.0832941,41.297445,0
               </coordinates>
           </LineString>
       </Placemark>
       <Placemark>
           <name>GEZIZ</name>
           <styleUrl>#SchengenLine</styleUrl>
           <LineString>
               <coordinates>
                   8.723055555555556,45.63,0
                   2.0832941,41.297445,0
               </coordinates>
           </LineString>
       </Placemark>
       <Placemark>
           <name>ECMKT</name>
           <styleUrl>#SchengenLine</styleUrl>
           <LineString>
               <coordinates>
                   24.96333333333333,60.31722222222223,0
                   2.0832941,41.297445,0
               </coordinates>
           </LineString>
       </Placemark>
       <Placemark>
           <name>EIFIN</name>
           <styleUrl>#NoSchengenLine</styleUrl>
           <LineString>
               <coordinates>
                   -2.275,53.35388888888889,0
                   2.0832941,41.297445,0
               </coordinates>
           </LineString>
       </Placemark>
       <Placemark>
           <name>ECMJZ</name>
           <styleUrl>#SchengenLine</styleUrl>
           <LineString>
               <coordinates>
                   -5.6561111111111115,42.58861111111111,0
                   2.0832941,41.297445,0
               </coordinates>
           </LineString>
       </Placemark>
       <Placemark>
           <name>ECMBT</name>
           <styleUrl>#SchengenLine</styleUrl>
           <LineString>
               <coordinates>
                   -6.034722222222222,43.56361111111111,0
                   2.0832941,41.297445,0
               </coordinates>
           </LineString>
       </Placemark>
       <Placemark>
           <name>ECKHN</name>
           <styleUrl>#SchengenLine</styleUrl>
           <LineString>
               <coordinates>
                   2.3794444444444447,48.723333333333336,0
                   2.0832941,41.297445,0
               </coordinates>
           </LineString>
       </Placemark>
       <Placemark>
           <name>EIENG</name>
           <styleUrl>#SchengenLine</styleUrl>
           <LineString>
               <coordinates>
                   11.296944444444444,44.530833333333334,0
                   2.0832941,41.297445,0
               </coordinates>
           </LineString>
       </Placemark>
       <Placemark>
           <name>GDBCI</name>
           <styleUrl>#NoSchengenLine</styleUrl>
           <LineString>
               <coordinates>
                   -0.19027777777777777,51.14805555555556,0
                   2.0832941,41.297445,0
               </coordinates>
           </LineString>
       </Placemark>
       <Placemark>
           <name>EIFHS</name>
           <styleUrl>#SchengenLine</styleUrl>
           <LineString>
               <coordinates>
                   11.08388888888889,60.20277777777778,0
                   2.0832941,41.297445,0
               </coordinates>
           </LineString>
       </Placemark>
       <Placemark>
           <name>GEZIK</name>
           <styleUrl>#NoSchengenLine</styleUrl>
           <LineString>
               <coordinates>
                   -2.7191666666666667,51.382777777777775,0
                   2.0832941,41.297445,0
               </coordinates>
           </LineString>
       </Placemark>
       <Placemark>
           <name>ECMBS</name>
           <styleUrl>#SchengenLine</styleUrl>
           <LineString>
               <coordinates>
                   -5.898888888888888,37.418055555555554,0
                   2.0832941,41.297445,0
               </coordinates>
           </LineString>
       </Placemark>
       <Placemark>
           <name>EIENL</name>
           <styleUrl>#SchengenLine</styleUrl>
           <LineString>
               <coordinates>
                   -6.06,36.74472222222222,0
                   2.0832941,41.297445,0
               </coordinates>
           </LineString>
       </Placemark>
       <Placemark>
           <name>ECLXV</name>
           <styleUrl>#SchengenLine</styleUrl>
           <LineString>
               <coordinates>
                   2.738888888888889,39.55166666666666,0
                   2.0832941,41.297445,0
               </coordinates>
           </LineString>
       </Placemark>
       <Placemark>
           <name>ECLGV</name>
           <styleUrl>#SchengenLine</styleUrl>
           <LineString>
               <coordinates>
                   -3.560833333333333,40.47222222222222,0
                   2.0832941,41.297445,0
               </coordinates>
           </LineString>
       </Placemark>
       <Placemark>
           <name>LYVEO</name>
           <styleUrl>#SchengenLine</styleUrl>
           <LineString>
               <coordinates>
                   2.5477777777777777,49.00972222222222,0
                   2.0832941,41.297445,0
               </coordinates>
           </LineString>
       </Placemark>
       <Placemark>
           <name>N327UP</name>
           <styleUrl>#SchengenLine</styleUrl>
           <LineString>
               <coordinates>
                   -0.4816666666666667,39.489444444444445,0
                   2.0832941,41.297445,0
               </coordinates>
           </LineString>
       </Placemark>
       <Placemark>
           <name>EIDLC</name>
           <styleUrl>#SchengenLine</styleUrl>
           <LineString>
               <coordinates>
                   -8.678055555555554,41.23555555555556,0
                   2.0832941,41.297445,0
               </coordinates>
           </LineString>
       </Placemark>
       <Placemark>
           <name>EIDPG</name>
           <styleUrl>#SchengenLine</styleUrl>
           <LineString>
               <coordinates>
                   2.738888888888889,39.55166666666666,0
                   2.0832941,41.297445,0
               </coordinates>
           </LineString>
       </Placemark>
       <Placemark>
           <name>ECJFN</name>
           <styleUrl>#SchengenLine</styleUrl>
           <LineString>
               <coordinates>
                   -3.560833333333333,40.47222222222222,0
                   2.0832941,41.297445,0
               </coordinates>
           </LineString>
       </Placemark>
       <Placemark>
           <name>ECLQL</name>
           <styleUrl>#NoSchengenLine</styleUrl>
           <LineString>
               <coordinates>
                   -0.4613888888888889,51.4775,0
                   2.0832941,41.297445,0
               </coordinates>
           </LineString>
       </Placemark>
       <Placemark>
           <name>EIDEE</name>
           <styleUrl>#NoSchengenLine</styleUrl>
           <LineString>
               <coordinates>
                   -6.27,53.421388888888885,0
                   2.0832941,41.297445,0
               </coordinates>
           </LineString>
       </Placemark>
       <Placemark>
           <name>ECLVA</name>
           <styleUrl>#SchengenLine</styleUrl>
           <LineString>
               <coordinates>
                   12.238888888888889,41.80027777777777,0
                   2.0832941,41.297445,0
               </coordinates>
           </LineString>
       </Placemark>
       <Placemark>
           <name>ECMGF</name>
           <styleUrl>#SchengenLine</styleUrl>
           <LineString>
               <coordinates>
                   8.570555555555556,50.03333333333333,0
                   2.0832941,41.297445,0
               </coordinates>
           </LineString>
       </Placemark>
       <Placemark>
           <name>CNNMH</name>
           <styleUrl>#NoSchengenLine</styleUrl>
           <LineString>
               <coordinates>
                   -5.921111111111111,35.73166666666667,0
                   2.0832941,41.297445,0
               </coordinates>
           </LineString>
       </Placemark>
       <Placemark>
           <name>ECMKM</name>
           <styleUrl>#SchengenLine</styleUrl>
           <LineString>
               <coordinates>
                   -8.678055555555554,41.23555555555556,0
                   2.0832941,41.297445,0
               </coordinates>
           </LineString>
       </Placemark>
       <Placemark>
           <name>ECLUN</name>
           <styleUrl>#SchengenLine</styleUrl>
           <LineString>
               <coordinates>
                   -2.9105555555555553,43.301111111111105,0
                   2.0832941,41.297445,0
               </coordinates>
           </LineString>
       </Placemark>
       <Placemark>
           <name>ERAXP</name>
           <styleUrl>#NoSchengenLine</styleUrl>
           <LineString>
               <coordinates>
                   28.930833333333336,46.92777777777778,0
                   2.0832941,41.297445,0
               </coordinates>
           </LineString>
       </Placemark>
       <Placemark>
           <name>ECMLE</name>
           <styleUrl>#SchengenLine</styleUrl>
           <LineString>
               <coordinates>
                   4.2186111111111115,39.862500000000004,0
                   2.0832941,41.297445,0
               </coordinates>
           </LineString>
       </Placemark>
       <Placemark>
           <name>EIFJL</name>
           <styleUrl>#SchengenLine</styleUrl>
           <LineString>
               <coordinates>
                   9.151666666666667,55.74027777777778,0
                   2.0832941,41.297445,0
               </coordinates>
           </LineString>
       </Placemark>
       <Placemark>
           <name>ECKMI</name>
           <styleUrl>#SchengenLine</styleUrl>
           <LineString>
               <coordinates>
                   -3.560833333333333,40.47222222222222,0
                   2.0832941,41.297445,0
               </coordinates>
           </LineString>
       </Placemark>
       <Placemark>
           <name>GEZUM</name>
           <styleUrl>#SchengenLine</styleUrl>
           <LineString>
               <coordinates>
                   5.0811111111111105,45.72555555555556,0
                   2.0832941,41.297445,0
               </coordinates>
           </LineString>
       </Placemark>
       <Placemark>
           <name>HBION</name>
           <styleUrl>#SchengenLine</styleUrl>
           <LineString>
               <coordinates>
                   8.548055555555555,47.45805555555556,0
                   2.0832941,41.297445,0
               </coordinates>
           </LineString>
       </Placemark>
       <Placemark>
           <name>ECLZF</name>
           <styleUrl>#SchengenLine</styleUrl>
           <LineString>
               <coordinates>
                   -0.5580555555555556,38.282222222222224,0
                   2.0832941,41.297445,0
               </coordinates>
           </LineString>
       </Placemark>
       <Placemark>
           <name>TCICT</name>
           <styleUrl>#SchengenLine</styleUrl>
           <LineString>
               <coordinates>
                   1.3730555555555557,38.87277777777778,0
                   2.0832941,41.297445,0
               </coordinates>
           </LineString>
       </Placemark>
       <Placemark>
           <name>ECLAA</name>
           <styleUrl>#SchengenLine</styleUrl>
           <LineString>
               <coordinates>
                   -8.415277777777778,42.896388888888886,0
                   2.0832941,41.297445,0
               </coordinates>
           </LineString>
       </Placemark>
       <Placemark>
           <name>EIFJK</name>
           <styleUrl>#NoSchengenLine</styleUrl>
           <LineString>
               <coordinates>
                   -0.19027777777777777,51.14805555555556,0
                   2.0832941,41.297445,0
               </coordinates>
           </LineString>
       </Placemark>
       <Placemark>
           <name>YRBGA</name>
           <styleUrl>#NoSchengenLine</styleUrl>
           <LineString>
               <coordinates>
                   26.084999999999997,44.571111111111115,0
                   2.0832941,41.297445,0
               </coordinates>
           </LineString>
       </Placemark>
       <Placemark>
           <name>TCJRF</name>
           <styleUrl>#NoSchengenLine</styleUrl>
           <LineString>
               <coordinates>
                   28.81416666666667,40.976111111111116,0
                   2.0832941,41.297445,0
               </coordinates>
           </LineString>
       </Placemark>
       <Placemark>
           <name>DCALL</name>
           <styleUrl>#SchengenLine</styleUrl>
           <LineString>
               <coordinates>
                   9.056111111111111,39.24722222222222,0
                   2.0832941,41.297445,0
               </coordinates>
           </LineString>
       </Placemark>
       <Placemark>
           <name>ECLRY</name>
           <styleUrl>#SchengenLine</styleUrl>
           <LineString>
               <coordinates>
                   11.786111111111111,48.35388888888889,0
                   2.0832941,41.297445,0
               </coordinates>
           </LineString>
       </Placemark>
       <Placemark>
           <name>ECKCU</name>
           <styleUrl>#SchengenLine</styleUrl>
           <LineString>
               <coordinates>
                   12.238888888888889,41.80027777777777,0
                   2.0832941,41.297445,0
               </coordinates>
           </LineString>
       </Placemark>
       <Placemark>
           <name>EIDAM</name>
           <styleUrl>#NoSchengenLine</styleUrl>
           <LineString>
               <coordinates>
                   -6.27,53.421388888888885,0
                   2.0832941,41.297445,0
               </coordinates>
           </LineString>
       </Placemark>
       <Placemark>
           <name>ECMIR</name>
           <styleUrl>#SchengenLine</styleUrl>
           <LineString>
               <coordinates>
                   11.202777777777778,43.808611111111105,0
                   2.0832941,41.297445,0
               </coordinates>
           </LineString>
       </Placemark>
       <Placemark>
           <name>PHBXK</name>
           <styleUrl>#SchengenLine</styleUrl>
           <LineString>
               <coordinates>
                   4.764166666666667,52.308055555555555,0
                   2.0832941,41.297445,0
               </coordinates>
           </LineString>
       </Placemark>
       <Placemark>
           <name>EIENO</name>
           <styleUrl>#SchengenLine</styleUrl>
           <LineString>
               <coordinates>
                   19.261944444444445,47.43944444444444,0
                   2.0832941,41.297445,0
               </coordinates>
           </LineString>
       </Placemark>
       <Placemark>
           <name>GEUUG</name>
           <styleUrl>#NoSchengenLine</styleUrl>
           <LineString>
               <coordinates>
                   -0.4613888888888889,51.4775,0
                   2.0832941,41.297445,0
               </coordinates>
           </LineString>
       </Placemark>
       <Placemark>
           <name>ECHHA</name>
           <styleUrl>#SchengenLine</styleUrl>
           <LineString>
               <coordinates>
                   8.548055555555555,47.45805555555556,0
                   2.0832941,41.297445,0
               </coordinates>
           </LineString>
       </Placemark>
       <Placemark>
           <name>ECMHB</name>
           <styleUrl>#NoSchengenLine</styleUrl>
           <LineString>
               <coordinates>
                   -0.19027777777777777,51.14805555555556,0
                   2.0832941,41.297445,0
               </coordinates>
           </LineString>
       </Placemark>
       <Placemark>
           <name>ECMFL</name>
           <styleUrl>#SchengenLine</styleUrl>
           <LineString>
               <coordinates>
                   2.3794444444444447,48.723333333333336,0
                   2.0832941,41.297445,0
               </coordinates>
           </LineString>
       </Placemark>
       <Placemark>
           <name>ECLVP</name>
           <styleUrl>#SchengenLine</styleUrl>
           <LineString>
               <coordinates>
                   -3.560833333333333,40.47222222222222,0
                   2.0832941,41.297445,0
               </coordinates>
           </LineString>
       </Placemark>
       <Placemark>
           <name>ECLUT</name>
           <styleUrl>#SchengenLine</styleUrl>
           <LineString>
               <coordinates>
                   4.2186111111111115,39.862500000000004,0
                   2.0832941,41.297445,0
               </coordinates>
           </LineString>
       </Placemark>
       <Placemark>
           <name>ECJFF</name>
           <styleUrl>#NoSchengenLine</styleUrl>
           <LineString>
               <coordinates>
                   18.26833333333333,42.561388888888885,0
                   2.0832941,41.297445,0
               </coordinates>
           </LineString>
       </Placemark>
       <Placemark>
           <name>ECLZE</name>
           <styleUrl>#SchengenLine</styleUrl>
           <LineString>
               <coordinates>
                   -4.4991666666666665,36.675,0
                   2.0832941,41.297445,0
               </coordinates>
           </LineString>
       </Placemark>
       <Placemark>
           <name>FGKXR</name>
           <styleUrl>#SchengenLine</styleUrl>
           <LineString>
               <coordinates>
                   2.5477777777777777,49.00972222222222,0
                   2.0832941,41.297445,0
               </coordinates>
           </LineString>
       </Placemark>
       <Placemark>
           <name>ECLRG</name>
           <styleUrl>#SchengenLine</styleUrl>
           <LineString>
               <coordinates>
                   2.738888888888889,39.55166666666666,0
                   2.0832941,41.297445,0
               </coordinates>
           </LineString>
       </Placemark>
       <Placemark>
           <name>DAISG</name>
           <styleUrl>#SchengenLine</styleUrl>
           <LineString>
               <coordinates>
                   8.570555555555556,50.03333333333333,0
                   2.0832941,41.297445,0
               </coordinates>
           </LineString>
       </Placemark>
       <Placemark>
           <name>EIEIB</name>
           <styleUrl>#SchengenLine</styleUrl>
           <LineString>
               <coordinates>
                   12.238888888888889,41.80027777777777,0
                   2.0832941,41.297445,0
               </coordinates>
           </LineString>
       </Placemark>
       <Placemark>
           <name>EIFJN</name>
           <styleUrl>#SchengenLine</styleUrl>
           <LineString>
               <coordinates>
                   11.08388888888889,60.20277777777778,0
                   2.0832941,41.297445,0
               </coordinates>
           </LineString>
       </Placemark>
       <Placemark>
           <name>EIEPG</name>
           <styleUrl>#SchengenLine</styleUrl>
           <LineString>
               <coordinates>
                   2.112777777777778,49.45444444444445,0
                   2.0832941,41.297445,0
               </coordinates>
           </LineString>
       </Placemark>
       <Placemark>
           <name>ECMKX</name>
           <styleUrl>#SchengenLine</styleUrl>
           <LineString>
               <coordinates>
                   6.7572222222222225,51.280833333333334,0
                   2.0832941,41.297445,0
               </coordinates>
           </LineString>
       </Placemark>
       <Placemark>
           <name>VPBZA</name>
           <styleUrl>#NoSchengenLine</styleUrl>
           <LineString>
               <coordinates>
                   37.41305555555555,55.972500000000004,0
                   2.0832941,41.297445,0
               </coordinates>
           </LineString>
       </Placemark>
       <Placemark>
           <name>EIFJM</name>
           <styleUrl>#SchengenLine</styleUrl>
           <LineString>
               <coordinates>
                   12.65611111111111,55.61805555555556,0
                   2.0832941,41.297445,0
               </coordinates>
           </LineString>
       </Placemark>
       <Placemark>
           <name>ECLZN</name>
           <styleUrl>#SchengenLine</styleUrl>
           <LineString>
               <coordinates>
                   14.26,50.100833333333334,0
                   2.0832941,41.297445,0
               </coordinates>
           </LineString>
       </Placemark>
       <Placemark>
           <name>ECLQK</name>
           <styleUrl>#NoSchengenLine</styleUrl>
           <LineString>
               <coordinates>
                   -6.27,53.421388888888885,0
                   2.0832941,41.297445,0
               </coordinates>
           </LineString>
       </Placemark>
       <Placemark>
           <name>ECLZS</name>
           <styleUrl>#SchengenLine</styleUrl>
           <LineString>
               <coordinates>
                   9.517777777777779,40.89861111111111,0
                   2.0832941,41.297445,0
               </coordinates>
           </LineString>
       </Placemark>
       <Placemark>
           <name>ECHTD</name>
           <styleUrl>#SchengenLine</styleUrl>
           <LineString>
               <coordinates>
                   1.3730555555555557,38.87277777777778,0
                   2.0832941,41.297445,0
               </coordinates>
           </LineString>
       </Placemark>
       <Placemark>
           <name>ECLML</name>
           <styleUrl>#SchengenLine</styleUrl>
           <LineString>
               <coordinates>
                   4.2186111111111115,39.862500000000004,0
                   2.0832941,41.297445,0
               </coordinates>
           </LineString>
       </Placemark>
       <Placemark>
           <name>ECMGE</name>
           <styleUrl>#NoSchengenLine</styleUrl>
           <LineString>
               <coordinates>
                   -0.3683333333333333,51.874722222222225,0
                   2.0832941,41.297445,0
               </coordinates>
           </LineString>
       </Placemark>
       <Placemark>
           <name>ECMGY</name>
           <styleUrl>#SchengenLine</styleUrl>
           <LineString>
               <coordinates>
                   -3.777222222222222,37.18861111111111,0
                   2.0832941,41.297445,0
               </coordinates>
           </LineString>
       </Placemark>
       <Placemark>
           <name>EIDHX</name>
           <styleUrl>#SchengenLine</styleUrl>
           <LineString>
               <coordinates>
                   9.700277777777776,45.66888888888889,0
                   2.0832941,41.297445,0
               </coordinates>
           </LineString>
       </Placemark>
       <Placemark>
           <name>ECLRM</name>
           <styleUrl>#SchengenLine</styleUrl>
           <LineString>
               <coordinates>
                   11.296944444444444,44.530833333333334,0
                   2.0832941,41.297445,0
               </coordinates>
           </LineString>
       </Placemark>
       <Placemark>
           <name>ECHFK</name>
           <styleUrl>#SchengenLine</styleUrl>
           <LineString>
               <coordinates>
                   2.738888888888889,39.55166666666666,0
                   2.0832941,41.297445,0
               </coordinates>
           </LineString>
       </Placemark>
       <Placemark>
           <name>EIDAE</name>
           <styleUrl>#SchengenLine</styleUrl>
           <LineString>
               <coordinates>
                   1.3730555555555557,38.87277777777778,0
                   2.0832941,41.297445,0
               </coordinates>
           </LineString>
       </Placemark>
       <Placemark>
           <name>CSTTS</name>
           <styleUrl>#SchengenLine</styleUrl>
           <LineString>
               <coordinates>
                   -9.134166666666665,38.774166666666666,0
                   2.0832941,41.297445,0
               </coordinates>
           </LineString>
       </Placemark>
       <Placemark>
           <name>EIFIY</name>
           <styleUrl>#SchengenLine</styleUrl>
           <LineString>
               <coordinates>
                   12.197777777777778,45.65083333333333,0
                   2.0832941,41.297445,0
               </coordinates>
           </LineString>
       </Placemark>
       <Placemark>
           <name>EIDCJ</name>
           <styleUrl>#SchengenLine</styleUrl>
           <LineString>
               <coordinates>
                   13.500555555555556,52.36222222222222,0
                   2.0832941,41.297445,0
               </coordinates>
           </LineString>
       </Placemark>
       <Placemark>
           <name>ECLVO</name>
           <styleUrl>#SchengenLine</styleUrl>
           <LineString>
               <coordinates>
                   -8.377222222222223,43.301944444444445,0
                   2.0832941,41.297445,0
               </coordinates>
           </LineString>
       </Placemark>
       <Placemark>
           <name>ECLVB</name>
           <styleUrl>#SchengenLine</styleUrl>
           <LineString>
               <coordinates>
                   -9.134166666666665,38.774166666666666,0
                   2.0832941,41.297445,0
               </coordinates>
           </LineString>
       </Placemark>
       <Placemark>
           <name>SXABE</name>
           <styleUrl>#SchengenLine</styleUrl>
           <LineString>
               <coordinates>
                   4.484444444444445,50.90138888888889,0
                   2.0832941,41.297445,0
               </coordinates>
           </LineString>
       </Placemark>
       <Placemark>
           <name>ECMEQ</name>
           <styleUrl>#SchengenLine</styleUrl>
           <LineString>
               <coordinates>
                   2.3794444444444447,48.723333333333336,0
                   2.0832941,41.297445,0
               </coordinates>
           </LineString>
       </Placemark>
       <Placemark>
           <name>EIDWK</name>
           <styleUrl>#SchengenLine</styleUrl>
           <LineString>
               <coordinates>
                   12.238888888888889,41.80027777777777,0
                   2.0832941,41.297445,0
               </coordinates>
           </LineString>
       </Placemark>
       <Placemark>
           <name>ECMJR</name>
           <styleUrl>#SchengenLine</styleUrl>
           <LineString>
               <coordinates>
                   8.723055555555556,45.63,0
                   2.0832941,41.297445,0
               </coordinates>
           </LineString>
       </Placemark>
       <Placemark>
           <name>ECMFK</name>
           <styleUrl>#SchengenLine</styleUrl>
           <LineString>
               <coordinates>
                   4.2186111111111115,39.862500000000004,0
                   2.0832941,41.297445,0
               </coordinates>
           </LineString>
       </Placemark>
       <Placemark>
           <name>ECMLM</name>
           <styleUrl>#SchengenLine</styleUrl>
           <LineString>
               <coordinates>
                   -8.627500000000001,42.22916666666667,0
                   2.0832941,41.297445,0
               </coordinates>
           </LineString>
       </Placemark>
       <Placemark>
           <name>VPBRI</name>
           <styleUrl>#NoSchengenLine</styleUrl>
           <LineString>
               <coordinates>
                   37.906388888888884,55.40861111111111,0
                   2.0832941,41.297445,0
               </coordinates>
           </LineString>
       </Placemark>
       <Placemark>
           <name>ECMEA</name>
           <styleUrl>#SchengenLine</styleUrl>
           <LineString>
               <coordinates>
                   -5.898888888888888,37.418055555555554,0
                   2.0832941,41.297445,0
               </coordinates>
           </LineString>
       </Placemark>
       <Placemark>
           <name>ECJTR</name>
           <styleUrl>#SchengenLine</styleUrl>
           <LineString>
               <coordinates>
                   2.738888888888889,39.55166666666666,0
                   2.0832941,41.297445,0
               </coordinates>
           </LineString>
       </Placemark>
       <Placemark>
           <name>GEZTA</name>
           <styleUrl>#SchengenLine</styleUrl>
           <LineString>
               <coordinates>
                   2.5477777777777777,49.00972222222222,0
                   2.0832941,41.297445,0
               </coordinates>
           </LineString>
       </Placemark>
       <Placemark>
           <name>ECLSA</name>
           <styleUrl>#SchengenLine</styleUrl>
           <LineString>
               <coordinates>
                   -8.678055555555554,41.23555555555556,0
                   2.0832941,41.297445,0
               </coordinates>
           </LineString>
       </Placemark>
       <Placemark>
           <name>ECMGZ</name>
           <styleUrl>#SchengenLine</styleUrl>
           <LineString>
               <coordinates>
                   4.764166666666667,52.308055555555555,0
                   2.0832941,41.297445,0
               </coordinates>
           </LineString>
       </Placemark>
       <Placemark>
           <name>SXDVV</name>
           <styleUrl>#SchengenLine</styleUrl>
           <LineString>
               <coordinates>
                   23.944444444444446,37.93666666666666,0
                   2.0832941,41.297445,0
               </coordinates>
           </LineString>
       </Placemark>
       <Placemark>
           <name>ECMKV</name>
           <styleUrl>#SchengenLine</styleUrl>
           <LineString>
               <coordinates>
                   10.395555555555555,43.68277777777777,0
                   2.0832941,41.297445,0
               </coordinates>
           </LineString>
       </Placemark>
       <Placemark>
           <name>ECJYX</name>
           <styleUrl>#SchengenLine</styleUrl>
           <LineString>
               <coordinates>
                   10.887777777777778,45.396388888888886,0
                   2.0832941,41.297445,0
               </coordinates>
           </LineString>
       </Placemark>
       <Placemark>
           <name>EIDHT</name>
           <styleUrl>#NoSchengenLine</styleUrl>
           <LineString>
               <coordinates>
                   0.23500000000000001,51.885,0
                   2.0832941,41.297445,0
               </coordinates>
           </LineString>
       </Placemark>
       <Placemark>
           <name>OYRUP</name>
           <styleUrl>#NoSchengenLine</styleUrl>
           <LineString>
               <coordinates>
                   -15.386666666666667,27.931944444444447,0
                   2.0832941,41.297445,0
               </coordinates>
           </LineString>
       </Placemark>
       <Placemark>
           <name>GEZWZ</name>
           <styleUrl>#NoSchengenLine</styleUrl>
           <LineString>
               <coordinates>
                   -0.19027777777777777,51.14805555555556,0
                   2.0832941,41.297445,0
               </coordinates>
           </LineString>
       </Placemark>
       <Placemark>
           <name>LYVEV</name>
           <styleUrl>#SchengenLine</styleUrl>
           <LineString>
               <coordinates>
                   12.351944444444444,45.50527777777778,0
                   2.0832941,41.297445,0
               </coordinates>
           </LineString>
       </Placemark>
       <Placemark>
           <name>EIDHG</name>
           <styleUrl>#SchengenLine</styleUrl>
           <LineString>
               <coordinates>
                   7.142777777777778,50.865833333333335,0
                   2.0832941,41.297445,0
               </coordinates>
           </LineString>
       </Placemark>
       <Placemark>
           <name>ECLZZ</name>
           <styleUrl>#NoSchengenLine</styleUrl>
           <LineString>
               <coordinates>
                   -0.19027777777777777,51.14805555555556,0
                   2.0832941,41.297445,0
               </coordinates>
           </LineString>
       </Placemark>
       <Placemark>
           <name>ECMBK</name>
           <styleUrl>#SchengenLine</styleUrl>
           <LineString>
               <coordinates>
                   9.056111111111111,39.24722222222222,0
                   2.0832941,41.297445,0
               </coordinates>
           </LineString>
       </Placemark>
       <Placemark>
           <name>GEZDJ</name>
           <styleUrl>#NoSchengenLine</styleUrl>
           <LineString>
               <coordinates>
                   -0.3683333333333333,51.874722222222225,0
                   2.0832941,41.297445,0
               </coordinates>
           </LineString>
       </Placemark>
       <Placemark>
           <name>ECKHN</name>
           <styleUrl>#SchengenLine</styleUrl>
           <LineString>
               <coordinates>
                   4.2186111111111115,39.862500000000004,0
                   2.0832941,41.297445,0
               </coordinates>
           </LineString>
       </Placemark>
       <Placemark>
           <name>ECLZO</name>
           <styleUrl>#SchengenLine</styleUrl>
           <LineString>
               <coordinates>
                   1.3730555555555557,38.87277777777778,0
                   2.0832941,41.297445,0
               </coordinates>
           </LineString>
       </Placemark>
       <Placemark>
           <name>ECHQI</name>
           <styleUrl>#SchengenLine</styleUrl>
           <LineString>
               <coordinates>
                   7.215,43.665277777777774,0
                   2.0832941,41.297445,0
               </coordinates>
           </LineString>
       </Placemark>
       <Placemark>
           <name>ECMLD</name>
           <styleUrl>#NoSchengenLine</styleUrl>
           <LineString>
               <coordinates>
                   -2.275,53.35388888888889,0
                   2.0832941,41.297445,0
               </coordinates>
           </LineString>
       </Placemark>
       <Placemark>
           <name>ECLTG</name>
           <styleUrl>#SchengenLine</styleUrl>
           <LineString>
               <coordinates>
                   -0.002777777777777778,43.18555555555555,0
                   2.0832941,41.297445,0
               </coordinates>
           </LineString>
       </Placemark>
       <Placemark>
           <name>ECHQJ</name>
           <styleUrl>#SchengenLine</styleUrl>
           <LineString>
               <coordinates>
                   1.3730555555555557,38.87277777777778,0
                   2.0832941,41.297445,0
               </coordinates>
           </LineString>
       </Placemark>
   </Document>
</kml>
